CVE_ID,vendorProject,product,knownRansomwareCampaignUse,cwes
CVE-2023-33538,TP-Link,Multiple Routers,Unknown,CWE-77
CVE-2025-43200,Apple,Multiple Products,Unknown,
CVE-2025-33053,Web Distributed Authoring and Versioning,Web Distributed Authoring and Versioning (WebDAV),Unknown,CWE-73
CVE-2025-24016,Wazuh,Wazuh Server,Unknown,CWE-502
CVE-2024-42009,Roundcube,Webmail,Unknown,CWE-79
CVE-2025-32433,Erlang,Erlang/OTP,Unknown,CWE-306
CVE-2025-5419,Google,Chromium V8,Unknown,"CWE-125, CWE-787"
CVE-2025-21479,Qualcomm,Multiple Chipsets,Unknown,CWE-863
CVE-2025-21480,Qualcomm,Multiple Chipsets,Unknown,CWE-863
CVE-2025-27038,Qualcomm,Multiple Chipsets,Unknown,CWE-416
CVE-2021-32030,ASUS,Routers,Unknown,CWE-287
CVE-2025-3935,ConnectWise,ScreenConnect,Unknown,CWE-287
CVE-2025-35939,Craft CMS,Craft CMS,Unknown,CWE-472
CVE-2024-56145,Craft CMS,Craft CMS,Unknown,CWE-94
CVE-2023-39780,ASUS,RT-AX55 Routers,Unknown,CWE-78
CVE-2025-4632,Samsung,MagicINFO 9 Server,Unknown,CWE-22
CVE-2023-38950,ZKTeco,BioTime,Unknown,CWE-22
CVE-2024-27443,Synacor,Zimbra Collaboration Suite (ZCS),Unknown,CWE-79
CVE-2025-27920,Srimax,Output Messenger,Unknown,CWE-22
CVE-2024-11182,MDaemon,Email Server,Unknown,CWE-79
CVE-2025-4428,Ivanti,Endpoint Manager Mobile (EPMM),Unknown,CWE-94
CVE-2025-4427,Ivanti,Endpoint Manager Mobile (EPMM),Unknown,CWE-288
CVE-2025-42999,SAP,NetWeaver,Unknown,CWE-502
CVE-2024-12987,DrayTek,Vigor Routers,Unknown,CWE-78
CVE-2025-32756,Fortinet,Multiple Products,Unknown,CWE-124
CVE-2025-32709,Microsoft,Windows,Unknown,CWE-416
CVE-2025-30397,Microsoft,Windows,Unknown,CWE-843
CVE-2025-32706,Microsoft,Windows,Unknown,CWE-122
CVE-2025-32701,Microsoft,Windows,Unknown,CWE-416
CVE-2025-30400,Microsoft,Windows,Unknown,CWE-416
CVE-2025-47729,TeleMessage,TM SGNL,Unknown,CWE-912
CVE-2024-11120,GeoVision,Multiple Devices,Unknown,CWE-78
CVE-2024-6047,GeoVision,Multiple Devices,Unknown,CWE-78
CVE-2025-27363,FreeType,FreeType,Unknown,CWE-787
CVE-2025-3248,Langflow,Langflow,Unknown,CWE-306
CVE-2025-34028,Commvault,Command Center,Unknown,CWE-22
CVE-2024-58136,Yiiframework,Yii,Unknown,CWE-424
CVE-2024-38475,Apache,HTTP Server,Unknown,CWE-116
CVE-2023-44221,SonicWall,SMA100 Appliances,Unknown,CWE-78
CVE-2025-31324,SAP,NetWeaver,Known,CWE-434
CVE-2025-1976,Broadcom,Brocade Fabric OS,Unknown,CWE-94
CVE-2025-42599,Qualitia,Active! Mail,Unknown,CWE-121
CVE-2025-3928,Commvault,Web Server,Unknown,
CVE-2025-24054,Microsoft,Windows,Unknown,CWE-73
CVE-2025-31201,Apple,Multiple Products,Unknown,
CVE-2025-31200,Apple,Multiple Products,Unknown,
CVE-2021-20035,SonicWall,SMA100 Appliances,Unknown,CWE-78
CVE-2024-53150,Linux,Kernel,Unknown,CWE-125
CVE-2024-53197,Linux,Kernel,Unknown,CWE-787
CVE-2025-29824,Microsoft,Windows,Known,CWE-416
CVE-2025-30406,Gladinet,CentreStack,Unknown,CWE-321
CVE-2025-31161,CrushFTP,CrushFTP,Known,CWE-305
CVE-2025-22457,Ivanti,"Connect Secure, Policy Secure, and ZTA Gateways",Known,CWE-121
CVE-2025-24813,Apache,Tomcat,Unknown,"CWE-44, CWE-502"
CVE-2024-20439,Cisco,Smart Licensing Utility,Unknown,CWE-912
CVE-2025-2783,Google,Chromium Mojo,Unknown,
CVE-2019-9875,Sitecore,CMS and Experience Platform (XP),Unknown,CWE-502
CVE-2019-9874,Sitecore,CMS and Experience Platform (XP),Unknown,CWE-502
CVE-2025-30154,reviewdog,action-setup GitHub Action,Unknown,CWE-506
CVE-2017-12637,SAP,NetWeaver,Unknown,CWE-22
CVE-2024-48248,NAKIVO,Backup and Replication,Unknown,CWE-36
CVE-2025-1316,Edimax,IC-7100 IP Camera,Unknown,CWE-78
CVE-2025-30066,tj-actions,changed-files GitHub Action,Unknown,CWE-506
CVE-2025-24472,Fortinet,FortiOS and FortiProxy,Known,CWE-288
CVE-2025-21590,Juniper,Junos OS,Unknown,CWE-653
CVE-2025-24201,Apple,Multiple Products,Unknown,CWE-787
CVE-2025-24993,Microsoft,Windows,Unknown,CWE-122
CVE-2025-24991,Microsoft,Windows,Unknown,CWE-125
CVE-2025-24985,Microsoft,Windows,Unknown,"CWE-190, CWE-122"
CVE-2025-24984,Microsoft,Windows,Unknown,CWE-532
CVE-2025-24983,Microsoft,Windows,Unknown,CWE-416
CVE-2025-26633,Microsoft,Windows,Known,CWE-707
CVE-2024-13161,Ivanti,Endpoint Manager (EPM),Unknown,CWE-36
CVE-2024-13160,Ivanti,Endpoint Manager (EPM),Unknown,CWE-36
CVE-2024-13159,Ivanti,Endpoint Manager (EPM),Unknown,CWE-36
CVE-2024-57968,Advantive,VeraCore,Unknown,CWE-434
CVE-2025-25181,Advantive,VeraCore,Unknown,CWE-89
CVE-2025-22226,VMware,"ESXi, Workstation, and Fusion",Unknown,CWE-125
CVE-2025-22225,VMware,ESXi,Unknown,CWE-123
CVE-2025-22224,VMware,ESXi and Workstation,Unknown,CWE-367
CVE-2024-50302,Linux,Kernel,Unknown,CWE-908
CVE-2024-4885,Progress,WhatsUp Gold,Unknown,CWE-22
CVE-2018-8639,Microsoft,Windows,Known,CWE-404
CVE-2022-43769,Hitachi Vantara,Pentaho Business Analytics (BA) Server,Unknown,CWE-74
CVE-2022-43939,Hitachi Vantara,Pentaho Business Analytics (BA) Server,Unknown,CWE-647
CVE-2023-20118,Cisco,Small Business RV Series Routers,Unknown,CWE-77
CVE-2023-34192,Synacor,Zimbra Collaboration Suite (ZCS),Unknown,CWE-79
CVE-2024-49035,Microsoft,Partner Center,Unknown,CWE-269
CVE-2024-20953,Oracle,Agile Product Lifecycle Management (PLM),Unknown,CWE-502
CVE-2017-3066,Adobe,ColdFusion,Unknown,CWE-502
CVE-2025-24989,Microsoft,Power Pages,Unknown,CWE-284
CVE-2025-0111,Palo Alto Networks,PAN-OS,Unknown,CWE-73
CVE-2025-23209,Craft CMS,Craft CMS,Unknown,CWE-94
CVE-2025-0108,Palo Alto Networks,PAN-OS,Unknown,CWE-306
CVE-2024-53704,SonicWall,SonicOS,Unknown,CWE-287
CVE-2024-57727,SimpleHelp ,SimpleHelp,Known,CWE-22
CVE-2025-24200,Apple,iOS and iPadOS,Unknown,CWE-863
CVE-2024-41710,Mitel,SIP Phones,Unknown,CWE-88
CVE-2024-40891,Zyxel,DSL CPE Devices,Unknown,CWE-78
CVE-2024-40890,Zyxel,DSL CPE Devices,Unknown,CWE-78
CVE-2025-21418,Microsoft,Windows,Unknown,CWE-122
CVE-2025-21391,Microsoft,Windows,Unknown,CWE-59
CVE-2025-0994,Trimble,Cityworks,Unknown,CWE-502
CVE-2020-15069,Sophos,XG Firewall,Unknown,CWE-120
CVE-2020-29574,Sophos,CyberoamOS,Unknown,CWE-89
CVE-2024-21413,Microsoft,Office Outlook,Unknown,CWE-20
CVE-2022-23748,Audinate,Dante Discovery,Unknown,CWE-114
CVE-2025-0411,7-Zip,7-Zip,Unknown,CWE-693
CVE-2024-53104,Linux,Kernel,Unknown,CWE-787
CVE-2018-19410,Paessler,PRTG Network Monitor,Unknown,
CVE-2018-9276,Paessler,PRTG Network Monitor,Unknown,CWE-78
CVE-2024-29059,Microsoft,.NET Framework,Unknown,CWE-209
CVE-2024-45195,Apache,OFBiz,Unknown,CWE-425
CVE-2025-24085,Apple,Multiple Products,Unknown,CWE-416
CVE-2025-23006,SonicWall,SMA1000 Appliances,Known,CWE-502
CVE-2020-11023,JQuery,JQuery,Unknown,CWE-79
CVE-2024-50603,Aviatrix,Controllers,Unknown,CWE-78
CVE-2025-21335,Microsoft,Windows,Unknown,CWE-416
CVE-2025-21334,Microsoft,Windows,Unknown,CWE-416
CVE-2025-21333,Microsoft,Windows,Unknown,CWE-122
CVE-2024-55591,Fortinet,FortiOS and FortiProxy,Known,CWE-288
CVE-2023-48365,Qlik,Sense,Known,CWE-444
CVE-2024-12686,BeyondTrust,Privileged Remote Access (PRA) and Remote Support (RS),Unknown,CWE-78
CVE-2025-0282,Ivanti,"Connect Secure, Policy Secure, and ZTA Gateways",Known,CWE-121
CVE-2020-2883,Oracle,WebLogic Server,Unknown,
CVE-2024-55550,Mitel,MiCollab,Known,CWE-22
CVE-2024-41713,Mitel,MiCollab,Known,CWE-22
CVE-2024-3393,Palo Alto Networks,PAN-OS,Unknown,CWE-754
CVE-2021-44207,Acclaim Systems,USAHERDS,Unknown,CWE-798
CVE-2024-12356,BeyondTrust,Privileged Remote Access (PRA) and Remote Support (RS) ,Unknown,CWE-77
CVE-2021-40407,Reolink,RLC-410W IP Camera,Unknown,CWE-78
CVE-2019-11001,Reolink,Multiple IP Cameras,Unknown,CWE-78
CVE-2022-23227,NUUO,NVRmini2 Devices,Unknown,CWE-306
CVE-2018-14933,NUUO,NVRmini Devices,Unknown,CWE-78
CVE-2024-55956,Cleo,Multiple Products,Known,CWE-276
CVE-2024-35250,Microsoft,Windows,Unknown,CWE-822
CVE-2024-20767,Adobe,ColdFusion,Unknown,CWE-284
CVE-2024-50623,Cleo,Multiple Products,Known,CWE-434
CVE-2024-49138,Microsoft,Windows,Unknown,CWE-122
CVE-2024-51378,CyberPersons,CyberPanel,Known,CWE-276
CVE-2024-11667,Zyxel,Multiple Firewalls,Known,CWE-22
CVE-2024-11680,ProjectSend,ProjectSend,Unknown,CWE-287
CVE-2023-45727,North Grid,Proself,Unknown,CWE-611
CVE-2023-28461,Array Networks ,AG/vxAG ArrayOS,Known,CWE-306
CVE-2024-21287,Oracle,Agile Product Lifecycle Management (PLM),Unknown,CWE-863
CVE-2024-44309,Apple,Multiple Products,Unknown,CWE-79
CVE-2024-44308,Apple,Multiple Products,Unknown,
CVE-2024-38813,VMware,vCenter Server,Unknown,"CWE-250, CWE-273"
CVE-2024-38812,VMware,vCenter Server,Unknown,CWE-122
CVE-2024-9474,Palo Alto Networks,PAN-OS,Unknown,CWE-77
CVE-2024-0012,Palo Alto Networks,PAN-OS,Known,CWE-306
CVE-2024-1212,Progress,Kemp LoadMaster,Unknown,CWE-78
CVE-2024-9465,Palo Alto Networks,Expedition,Unknown,CWE-89
CVE-2024-9463,Palo Alto Networks,Expedition,Unknown,CWE-78
CVE-2021-26086,Atlassian,Jira Server and Data Center,Unknown,CWE-22
CVE-2014-2120,Cisco,Adaptive Security Appliance (ASA),Unknown,CWE-79
CVE-2021-41277,Metabase,Metabase,Unknown,CWE-200
CVE-2024-43451,Microsoft,Windows,Unknown,CWE-73
CVE-2024-49039,Microsoft,Windows,Unknown,CWE-287
CVE-2019-16278,Nostromo,nhttpd,Unknown,CWE-22
CVE-2024-51567,CyberPersons,CyberPanel,Unknown,CWE-276
CVE-2024-43093,Android,Framework,Unknown,
CVE-2024-5910,Palo Alto Networks,Expedition,Unknown,CWE-306
CVE-2024-8956,PTZOptics,PT30X-SDI/NDI Cameras,Unknown,CWE-287
CVE-2024-8957,PTZOptics,PT30X-SDI/NDI Cameras,Unknown,CWE-78
CVE-2024-37383,Roundcube,Webmail,Unknown,CWE-79
CVE-2024-20481,Cisco,Adaptive Security Appliance (ASA) and Firepower Threat Defense (FTD),Unknown,CWE-772
CVE-2024-47575,Fortinet,FortiManager,Unknown,CWE-306
CVE-2024-38094,Microsoft,SharePoint,Known,CWE-502
CVE-2024-9537,ScienceLogic,SL1,Unknown,
CVE-2024-40711,Veeam,Backup & Replication,Known,CWE-502
CVE-2024-28987,SolarWinds,Web Help Desk,Unknown,CWE-798
CVE-2024-9680,Mozilla,Firefox,Unknown,CWE-416
CVE-2024-30088,Microsoft,Windows ,Unknown,CWE-367
CVE-2024-9380,Ivanti,Cloud Services Appliance (CSA),Unknown,CWE-77
CVE-2024-9379,Ivanti,Cloud Services Appliance (CSA),Unknown,CWE-89
CVE-2024-23113,Fortinet,Multiple Products,Unknown,CWE-134
CVE-2024-43573,Microsoft,Windows,Unknown,CWE-79
CVE-2024-43572,Microsoft,Windows,Unknown,CWE-707
CVE-2024-43047,Qualcomm,Multiple Chipsets ,Unknown,CWE-416
CVE-2024-45519,Synacor,Zimbra Collaboration Suite (ZCS),Unknown,CWE-284
CVE-2024-29824,Ivanti,Endpoint Manager (EPM),Unknown,CWE-89
CVE-2019-0344,SAP,Commerce Cloud,Unknown,CWE-502
CVE-2020-15415,DrayTek,Multiple Vigor Routers,Unknown,CWE-78
CVE-2023-25280,D-Link,DIR-820 Router,Unknown,CWE-78
CVE-2024-7593,Ivanti,Virtual Traffic Manager,Unknown,"CWE-287, CWE-303"
CVE-2024-8963,Ivanti,Cloud Services Appliance (CSA),Unknown,CWE-22
CVE-2020-14644,Oracle,WebLogic Server,Unknown,
CVE-2022-21445,Oracle,ADF Faces,Unknown,CWE-502
CVE-2020-0618,Microsoft,SQL Server,Unknown,CWE-502
CVE-2024-27348,Apache,HugeGraph-Server,Unknown,CWE-284
CVE-2014-0502,Adobe,Flash Player,Unknown,CWE-399
CVE-2013-0648,Adobe,Flash Player,Unknown,
CVE-2013-0643,Adobe,Flash Player,Unknown,CWE-264
CVE-2014-0497,Adobe,Flash Player,Unknown,CWE-191
CVE-2024-6670,Progress,WhatsUp Gold,Known,CWE-89
CVE-2024-43461,Microsoft,Windows,Unknown,CWE-451
CVE-2024-8190,Ivanti,Cloud Services Appliance,Unknown,CWE-78
CVE-2024-38217,Microsoft,Windows,Unknown,CWE-693
CVE-2024-38014,Microsoft,Windows,Unknown,CWE-269
CVE-2024-38226,Microsoft,Publisher,Unknown,CWE-693
CVE-2024-40766,SonicWall,SonicOS,Known,CWE-284
CVE-2017-1000253,Linux,Kernel,Known,CWE-119
CVE-2016-3714,ImageMagick,ImageMagick,Unknown,CWE-20
CVE-2024-7262,Kingsoft,WPS Office,Unknown,CWE-22
CVE-2021-20124,DrayTek,VigorConnect,Unknown,CWE-22
CVE-2021-20123,DrayTek,VigorConnect,Unknown,CWE-22
CVE-2024-7965,Google,Chromium V8,Unknown,CWE-358
CVE-2024-38856,Apache,OFBiz,Unknown,CWE-863
CVE-2024-7971,Google,Chromium V8,Unknown,CWE-843
CVE-2024-39717,Versa,Director,Unknown,CWE-434
CVE-2021-31196,Microsoft,Exchange Server,Unknown,
CVE-2022-0185,Linux,Kernel,Unknown,CWE-190
CVE-2021-33045,Dahua,IP Camera Firmware,Unknown,CWE-287
CVE-2021-33044,Dahua,IP Camera Firmware,Unknown,CWE-287
CVE-2024-23897,Jenkins,Jenkins Command Line Interface (CLI),Known,CWE-27
CVE-2024-28986,SolarWinds,Web Help Desk,Unknown,CWE-502
CVE-2024-38107,Microsoft,Windows,Unknown,CWE-416
CVE-2024-38106,Microsoft,Windows,Unknown,CWE-591
CVE-2024-38193,Microsoft,Windows,Unknown,CWE-416
CVE-2024-38213,Microsoft,Windows,Unknown,CWE-693
CVE-2024-38178,Microsoft,Windows,Unknown,CWE-843
CVE-2024-38189,Microsoft,Project,Unknown,CWE-20
CVE-2024-32113,Apache,OFBiz,Unknown,CWE-22
CVE-2024-36971,Android,Kernel,Unknown,CWE-416
CVE-2018-0824,Microsoft,Windows,Unknown,CWE-502
CVE-2024-37085,VMware,ESXi,Known,CWE-305
CVE-2023-45249,Acronis,Cyber Infrastructure (ACI),Unknown,CWE-1393
CVE-2024-5217,ServiceNow,"Utah, Vancouver, and Washington DC Now Platform",Unknown,CWE-184
CVE-2024-4879,ServiceNow,"Utah, Vancouver, and Washington DC Now Platform",Unknown,CWE-1287
CVE-2024-39891,Twilio,Authy,Unknown,CWE-203
CVE-2012-4792,Microsoft,Internet Explorer,Unknown,CWE-416
CVE-2022-22948,VMware,vCenter Server,Unknown,CWE-276
CVE-2024-28995,SolarWinds,Serv-U,Unknown,CWE-22
CVE-2024-34102,Adobe,Commerce and Magento Open Source,Unknown,CWE-611
CVE-2024-36401,OSGeo,GeoServer,Unknown,CWE-95
CVE-2024-23692,Rejetto,HTTP File Server,Unknown,CWE-1336
CVE-2024-38080,Microsoft,Windows ,Unknown,CWE-190
CVE-2024-38112,Microsoft,Windows,Unknown,CWE-451
CVE-2024-20399,Cisco,NX-OS,Unknown,CWE-78
CVE-2020-13965,Roundcube,Webmail,Unknown,CWE-80
CVE-2022-2586,Linux,Kernel,Unknown,CWE-416
CVE-2022-24816,OSGeo,JAI-EXT,Unknown,CWE-94
CVE-2024-4358,Progress,Telerik Report Server,Unknown,CWE-290
CVE-2024-26169,Microsoft,Windows,Known,CWE-269
CVE-2024-32896,Android,Pixel,Unknown,CWE-783
CVE-2024-4577,PHP Group,PHP,Known,CWE-78
CVE-2024-4610,Arm,Mali GPU Kernel Driver,Unknown,CWE-416
CVE-2017-3506,Oracle,WebLogic Server,Unknown,CWE-78
CVE-2024-1086,Linux,Kernel,Unknown,CWE-416
CVE-2024-24919,Check Point,Quantum Security Gateways,Known,CWE-200
CVE-2024-4978,Justice AV Solutions,Viewer ,Unknown,CWE-506
CVE-2024-5274,Google,Chromium V8,Unknown,CWE-843
CVE-2020-17519,Apache,Flink,Unknown,CWE-552
CVE-2024-4947,Google,Chromium V8,Unknown,CWE-843
CVE-2023-43208,NextGen Healthcare,Mirth Connect,Known,CWE-502
CVE-2024-4761,Google,Chromium V8,Unknown,CWE-787
CVE-2021-40655,D-Link,DIR-605 Router,Unknown,CWE-863
CVE-2014-100005,D-Link,DIR-600 Router,Unknown,CWE-352
CVE-2024-30040,Microsoft,Windows,Unknown,CWE-20
CVE-2024-30051,Microsoft,DWM Core Library,Known,CWE-122
CVE-2024-4671,Google,Chromium,Unknown,CWE-416
CVE-2023-7028,GitLab,GitLab CE/EE,Unknown,CWE-284
CVE-2024-29988,Microsoft,SmartScreen Prompt,Unknown,CWE-693
CVE-2024-4040,CrushFTP,CrushFTP,Unknown,CWE-1336
CVE-2024-20359,Cisco,Adaptive Security Appliance (ASA) and Firepower Threat Defense (FTD),Unknown,CWE-94
CVE-2024-20353,Cisco,Adaptive Security Appliance (ASA) and Firepower Threat Defense (FTD),Unknown,CWE-835
CVE-2022-38028,Microsoft,Windows,Unknown,
CVE-2024-3400,Palo Alto Networks,PAN-OS,Known,"CWE-20, CWE-77"
CVE-2024-3273,D-Link,Multiple NAS Devices,Unknown,CWE-77
CVE-2024-3272,D-Link,Multiple NAS Devices,Unknown,CWE-798
CVE-2024-29748,Android,Pixel,Unknown,CWE-280
CVE-2024-29745,Android,Pixel,Unknown,CWE-908
CVE-2023-24955,Microsoft,SharePoint Server,Known,CWE-94
CVE-2019-7256,Nice,Linear eMerge E3-Series,Unknown,CWE-78
CVE-2021-44529,Ivanti,Endpoint Manager Cloud Service Appliance (EPM CSA),Known,CWE-94
CVE-2023-48788,Fortinet,FortiClient EMS,Known,CWE-89
CVE-2024-27198,JetBrains,TeamCity,Known,CWE-288
CVE-2024-23225,Apple,Multiple Products,Unknown,CWE-787
CVE-2024-23296,Apple,Multiple Products,Unknown,CWE-787
CVE-2023-21237,Android,Pixel,Unknown,CWE-200
CVE-2021-36380,Sunhillo,SureLine,Unknown,CWE-78
CVE-2024-21338,Microsoft,Windows,Known,CWE-822
CVE-2023-29360,Microsoft,Streaming Service,Unknown,CWE-822
CVE-2024-1709,ConnectWise,ScreenConnect,Known,CWE-288
CVE-2020-3259,Cisco,Adaptive Security Appliance (ASA) and Firepower Threat Defense (FTD),Known,CWE-200
CVE-2024-21410,Microsoft,Exchange Server,Unknown,CWE-287
CVE-2024-21412,Microsoft,Windows,Unknown,CWE-693
CVE-2024-21351,Microsoft,Windows,Unknown,CWE-94
CVE-2023-43770,Roundcube,Webmail,Unknown,CWE-79
CVE-2024-21762,Fortinet,FortiOS,Known,CWE-787
CVE-2023-4762,Google,Chromium V8,Unknown,CWE-843
CVE-2022-48618,Apple,Multiple Products,Unknown,CWE-367
CVE-2024-21893,Ivanti,"Connect Secure, Policy Secure, and Neurons",Unknown,CWE-918
CVE-2023-22527,Atlassian,Confluence Data Center and Server,Known,CWE-74
CVE-2024-23222,Apple,Multiple Products,Unknown,CWE-843
CVE-2023-34048,VMware,vCenter Server,Unknown,CWE-787
CVE-2023-35082,Ivanti,Endpoint Manager Mobile (EPMM) and MobileIron Core,Known,CWE-287
CVE-2024-0519,Google,Chromium V8,Unknown,CWE-787
CVE-2023-6549,Citrix,NetScaler ADC and NetScaler Gateway,Unknown,CWE-119
CVE-2023-6548,Citrix,NetScaler ADC and NetScaler Gateway,Unknown,CWE-94
CVE-2018-15133,Laravel,Laravel Framework,Unknown,CWE-502
CVE-2023-29357,Microsoft,SharePoint Server,Known,CWE-303
CVE-2023-46805,Ivanti,Connect Secure and Policy Secure,Unknown,CWE-287
CVE-2024-21887,Ivanti,Connect Secure and Policy Secure,Unknown,CWE-77
CVE-2023-23752,Joomla!,Joomla!,Unknown,CWE-284
CVE-2016-20017,D-Link,DSL-2750B Devices,Unknown,CWE-77
CVE-2023-41990,Apple,Multiple Products,Unknown,
CVE-2023-27524,Apache,Superset,Unknown,CWE-1188
CVE-2023-29300,Adobe,ColdFusion,Known,CWE-502
CVE-2023-38203,Adobe,ColdFusion,Known,CWE-502
CVE-2023-7101,Spreadsheet::ParseExcel,Spreadsheet::ParseExcel,Unknown,CWE-95
CVE-2023-7024,Google,Chromium WebRTC,Unknown,CWE-787
CVE-2023-49897,FXC,"AE1021, AE1021PE",Unknown,CWE-78
CVE-2023-47565,QNAP,VioStor NVR,Unknown,CWE-78
CVE-2023-6448,Unitronics,Vision PLC and HMI,Unknown,CWE-1188
CVE-2023-41266,Qlik,Sense,Known,CWE-20
CVE-2023-41265,Qlik,Sense,Known,CWE-444
CVE-2023-33107,Qualcomm,Multiple Chipsets,Unknown,CWE-190
CVE-2023-33106,Qualcomm,Multiple Chipsets,Unknown,CWE-823
CVE-2023-33063,Qualcomm,Multiple Chipsets,Unknown,CWE-416
CVE-2022-22071,Qualcomm,Multiple Chipsets,Unknown,CWE-416
CVE-2023-42917,Apple,Multiple Products,Unknown,CWE-787
CVE-2023-42916,Apple,Multiple Products,Unknown,CWE-125
CVE-2023-6345,Google,Chromium Skia,Unknown,CWE-190
CVE-2023-49103,ownCloud,ownCloud graphapi,Unknown,
CVE-2023-4911,GNU,GNU C Library,Unknown,CWE-122
CVE-2023-36584,Microsoft,Windows,Unknown,
CVE-2023-1671,Sophos,Web Appliance,Unknown,CWE-77
CVE-2020-2551,Oracle,Fusion Middleware,Unknown,
CVE-2023-36033,Microsoft,Windows,Unknown,CWE-822
CVE-2023-36025,Microsoft,Windows,Unknown,
CVE-2023-36036,Microsoft,Windows,Unknown,CWE-122
CVE-2023-47246,SysAid,SysAid Server,Known,CWE-22
CVE-2023-36844,Juniper,Junos OS,Unknown,CWE-473
CVE-2023-36845,Juniper,Junos OS,Unknown,CWE-473
CVE-2023-36846,Juniper,Junos OS,Unknown,CWE-306
CVE-2023-36847,Juniper,Junos OS,Unknown,CWE-306
CVE-2023-36851,Juniper,Junos OS,Unknown,CWE-306
CVE-2023-29552,IETF,Service Location Protocol (SLP),Unknown,
CVE-2023-22518,Atlassian,Confluence Data Center and Server,Known,CWE-863
CVE-2023-46604,Apache,ActiveMQ,Known,CWE-502
CVE-2023-46748,F5,BIG-IP Configuration Utility,Unknown,CWE-89
CVE-2023-46747,F5,BIG-IP Configuration Utility,Known,CWE-288
CVE-2023-5631,Roundcube,Webmail,Unknown,CWE-79
CVE-2023-20273,Cisco,Cisco IOS XE Web UI,Unknown,CWE-78
CVE-2023-4966,Citrix,NetScaler ADC and NetScaler Gateway,Known,CWE-119
CVE-2023-20198,Cisco,IOS XE Web UI,Unknown,CWE-420
CVE-2023-21608,Adobe,Acrobat and Reader,Unknown,CWE-416
CVE-2023-20109,Cisco,IOS and IOS XE,Unknown,CWE-787
CVE-2023-41763,Microsoft,Skype for Business,Unknown,CWE-918
CVE-2023-36563,Microsoft,WordPad,Unknown,CWE-20
CVE-2023-44487,IETF,HTTP/2,Unknown,CWE-400
CVE-2023-22515,Atlassian,Confluence Data Center and Server,Known,
CVE-2023-40044,Progress,WS_FTP Server,Known,CWE-502
CVE-2023-42824,Apple,iOS and iPadOS,Unknown,
CVE-2023-42793,JetBrains,TeamCity,Known,CWE-288
CVE-2023-28229,Microsoft,Windows CNG Key Isolation Service,Unknown,CWE-591
CVE-2023-4211,Arm,Mali GPU Kernel Driver,Unknown,CWE-416
CVE-2023-5217,Google,Chromium libvpx,Unknown,CWE-787
CVE-2018-14667,Red Hat,JBoss RichFaces Framework,Unknown,CWE-94
CVE-2023-41991,Apple,Multiple Products,Unknown,CWE-295
CVE-2023-41992,Apple,Multiple Products,Unknown,CWE-754
CVE-2023-41993,Apple,Multiple Products,Unknown,CWE-754
CVE-2023-41179,Trend Micro,Apex One and Worry-Free Business Security,Unknown,
CVE-2023-28434,MinIO,MinIO,Unknown,CWE-269
CVE-2022-22265,Samsung,Mobile Devices,Unknown,CWE-703
CVE-2014-8361,Realtek,SDK,Unknown,CWE-20
CVE-2017-6884,Zyxel,EMG2926 Routers,Known,CWE-78
CVE-2021-3129,Laravel,Ignition,Known,
CVE-2023-26369,Adobe,Acrobat and Reader,Unknown,CWE-787
CVE-2023-35674,Android,Framework,Unknown,
CVE-2023-20269,Cisco,Adaptive Security Appliance and Firepower Threat Defense,Known,CWE-288
CVE-2023-4863,Google,Chromium WebP,Unknown,CWE-787
CVE-2023-36761,Microsoft,Word,Unknown,CWE-668
CVE-2023-36802,Microsoft,Streaming Service Proxy,Unknown,CWE-416
CVE-2023-41064,Apple,"iOS, iPadOS, and macOS",Unknown,CWE-120
CVE-2023-41061,Apple,"iOS, iPadOS, and watchOS",Unknown,
CVE-2023-33246,Apache,RocketMQ,Unknown,CWE-94
CVE-2023-38831,RARLAB,WinRAR,Known,CWE-351
CVE-2023-32315,Ignite Realtime,Openfire,Unknown,CWE-22
CVE-2023-38035,Ivanti,Sentry,Known,CWE-863
CVE-2023-27532,Veeam,Backup & Replication,Known,CWE-306
CVE-2023-26359,Adobe,ColdFusion,Unknown,CWE-502
CVE-2023-24489,Citrix,Content Collaboration,Unknown,CWE-284
CVE-2023-38180,Microsoft,.NET Core and Visual Studio,Unknown,
CVE-2017-18368,Zyxel,P660HN-T1A Routers,Unknown,CWE-78
CVE-2023-35081,Ivanti,Endpoint Manager Mobile (EPMM),Unknown,CWE-22
CVE-2023-37580,Synacor,Zimbra Collaboration Suite (ZCS),Unknown,CWE-79
CVE-2023-38606,Apple,Multiple Products,Unknown,
CVE-2023-35078,Ivanti,Endpoint Manager Mobile (EPMM),Known,CWE-287
CVE-2023-29298,Adobe,ColdFusion,Unknown,CWE-284
CVE-2023-38205,Adobe,ColdFusion,Unknown,CWE-284
CVE-2023-3519,Citrix,NetScaler ADC and NetScaler Gateway,Known,CWE-94
CVE-2023-36884,Microsoft,Windows,Known,CWE-362
CVE-2022-29303,SolarView,Compact,Unknown,CWE-78
CVE-2023-37450,Apple,Multiple Products,Unknown,
CVE-2023-32046,Microsoft,Windows,Unknown,
CVE-2023-32049,Microsoft,Windows,Unknown,
CVE-2023-35311,Microsoft,Outlook,Unknown,CWE-367
CVE-2023-36874,Microsoft,Windows,Unknown,CWE-59
CVE-2022-31199,Netwrix,Auditor,Known,"CWE-502, CWE-122"
CVE-2021-29256,Arm,Mali Graphics Processing Unit (GPU),Unknown,CWE-416
CVE-2019-17621,D-Link,DIR-859 Router,Unknown,CWE-78
CVE-2019-20500,D-Link,DWL-2600AP Access Point,Unknown,CWE-78
CVE-2021-25487,Samsung,Mobile Devices,Unknown,CWE-125
CVE-2021-25489,Samsung,Mobile Devices,Unknown,CWE-20
CVE-2021-25394,Samsung,Mobile Devices,Unknown,CWE-416
CVE-2021-25395,Samsung,Mobile Devices,Unknown,CWE-362
CVE-2021-25371,Samsung,Mobile Devices,Unknown,CWE-912
CVE-2021-25372,Samsung,Mobile Devices,Unknown,CWE-787
CVE-2023-32434,Apple,Multiple Products,Unknown,CWE-190
CVE-2023-32435,Apple,Multiple Products,Unknown,CWE-787
CVE-2023-32439,Apple,Multiple Products,Unknown,CWE-843
CVE-2023-20867,VMware,Tools,Unknown,CWE-287
CVE-2023-27992,Zyxel,Multiple Network-Attached Storage (NAS) Devices,Unknown,CWE-78
CVE-2023-20887,VMware,Aria Operations for Networks,Unknown,CWE-77
CVE-2020-35730,Roundcube,Roundcube Webmail,Unknown,CWE-79
CVE-2020-12641,Roundcube,Roundcube Webmail,Unknown,CWE-78
CVE-2021-44026,Roundcube,Roundcube Webmail,Unknown,CWE-89
CVE-2016-9079,Mozilla,"Firefox, Firefox ESR, and Thunderbird",Unknown,CWE-416
CVE-2016-0165,Microsoft,Win32k,Unknown,CWE-264
CVE-2023-27997,Fortinet,FortiOS and FortiProxy SSL-VPN,Known,CWE-122
CVE-2023-3079,Google,Chromium V8,Unknown,CWE-843
CVE-2023-33009,Zyxel,Multiple Firewalls,Unknown,CWE-120
CVE-2023-33010,Zyxel,Multiple Firewalls,Unknown,CWE-120
CVE-2023-34362,Progress,MOVEit Transfer,Known,CWE-89
CVE-2023-28771,Zyxel,Multiple Firewalls,Unknown,CWE-78
CVE-2023-2868,Barracuda Networks,Email Security Gateway (ESG) Appliance,Unknown,CWE-20
CVE-2023-32409,Apple,Multiple Products,Unknown,
CVE-2023-28204,Apple,Multiple Products,Unknown,CWE-125
CVE-2023-32373,Apple,Multiple Products,Unknown,CWE-416
CVE-2004-1464,Cisco,IOS,Unknown,
CVE-2016-6415,Cisco,"IOS, IOS XR, and IOS XE",Unknown,CWE-200
CVE-2023-21492,Samsung,Mobile Devices,Unknown,CWE-532
CVE-2023-25717,Ruckus Wireless,Multiple Products,Unknown,CWE-94
CVE-2021-3560,Red Hat,Polkit,Unknown,CWE-863
CVE-2014-0196,Linux,Kernel,Unknown,CWE-362
CVE-2010-3904,Linux,Kernel,Unknown,CWE-20
CVE-2015-5317,Jenkins,Jenkins User Interface (UI),Unknown,CWE-200
CVE-2016-3427,Oracle,Java SE and JRockit,Unknown,
CVE-2016-8735,Apache,Tomcat,Unknown,CWE-284
CVE-2023-29336,Microsoft,Win32k,Unknown,CWE-416
CVE-2023-1389,TP-Link,Archer AX21,Unknown,CWE-77
CVE-2021-45046,Apache,Log4j2,Known,CWE-917
CVE-2023-21839,Oracle,WebLogic Server,Unknown,
CVE-2023-28432,MinIO,MinIO,Unknown,CWE-200
CVE-2023-27350,PaperCut,MF/NG,Known,CWE-284
CVE-2023-2136,Google,Chromium Skia,Unknown,CWE-190
CVE-2017-6742,Cisco,IOS and IOS XE Software,Unknown,CWE-119
CVE-2019-8526,Apple,macOS,Unknown,CWE-416
CVE-2023-2033,Google,Chromium V8,Unknown,CWE-843
CVE-2023-20963,Android,Framework,Unknown,CWE-295
CVE-2023-29492,Novi Survey,Novi Survey,Unknown,CWE-94
CVE-2023-28252,Microsoft,Windows,Known,CWE-122
CVE-2023-28205,Apple,Multiple Products,Unknown,CWE-416
CVE-2023-28206,Apple,"iOS, iPadOS, and macOS",Unknown,CWE-787
CVE-2021-27876,Veritas,Backup Exec Agent,Known,CWE-287
CVE-2021-27877,Veritas,Backup Exec Agent,Known,CWE-287
CVE-2021-27878,Veritas,Backup Exec Agent,Known,CWE-287
CVE-2019-1388,Microsoft,Windows,Known,CWE-269
CVE-2023-26083,Arm,Mali Graphics Processing Unit (GPU),Unknown,CWE-401
CVE-2022-27926,Synacor,Zimbra Collaboration Suite (ZCS),Unknown,"CWE-79, CWE-138"
CVE-2013-3163,Microsoft,Internet Explorer,Unknown,CWE-94
CVE-2017-7494,Samba,Samba,Known,CWE-94
CVE-2022-42948,Fortra,Cobalt Strike,Unknown,"CWE-79, CWE-116"
CVE-2022-39197,Fortra,Cobalt Strike,Unknown,"CWE-20, CWE-79"
CVE-2021-30900,Apple,"iOS, iPadOS, and macOS",Unknown,"CWE-20, CWE-787"
CVE-2022-38181,Arm,Mali Graphics Processing Unit (GPU),Unknown,CWE-416
CVE-2023-0266,Linux,Kernel,Unknown,CWE-416
CVE-2022-3038,Google,Chromium Network Service,Unknown,CWE-416
CVE-2022-22706,Arm,Mali Graphics Processing Unit (GPU),Unknown,CWE-119
CVE-2023-26360,Adobe,ColdFusion,Unknown,CWE-284
CVE-2023-23397,Microsoft,Office,Unknown,CWE-294
CVE-2023-24880,Microsoft,Windows,Known,CWE-863
CVE-2022-41328,Fortinet,FortiOS,Unknown,CWE-22
CVE-2021-39144,XStream,XStream,Unknown,"CWE-94, CWE-502"
CVE-2020-5741,Plex,Media Server,Unknown,CWE-502
CVE-2022-28810,Zoho,ManageEngine,Unknown,"CWE-78, CWE-259"
CVE-2022-33891,Apache,Spark,Unknown,CWE-78
CVE-2022-35914,Teclib,GLPI,Unknown,CWE-74
CVE-2022-36537,ZK Framework,AuUploader,Known,CWE-441
CVE-2022-47986,IBM,Aspera Faspex,Known,CWE-502
CVE-2022-41223,Mitel,MiVoice Connect,Known,CWE-94
CVE-2022-40765,Mitel,MiVoice Connect,Known,CWE-77
CVE-2022-46169,Cacti,Cacti,Unknown,CWE-74
CVE-2023-21715,Microsoft,Office,Unknown,CWE-863
CVE-2023-23376,Microsoft,Windows,Known,CWE-122
CVE-2023-23529,Apple,Multiple Products,Unknown,CWE-843
CVE-2023-21823,Microsoft,Windows,Unknown,CWE-190
CVE-2015-2291,Intel,Ethernet Diagnostics Driver for Windows,Known,CWE-20
CVE-2022-24990,TerraMaster,TerraMaster OS,Known,CWE-306
CVE-2023-0669,Fortra,GoAnywhere MFT,Known,CWE-502
CVE-2022-21587,Oracle,E-Business Suite,Known,CWE-306
CVE-2023-22952,SugarCRM,Multiple Products,Unknown,CWE-20
CVE-2017-11357,Telerik,User Interface (UI) for ASP.NET AJAX,Known,CWE-20
CVE-2022-47966,Zoho,ManageEngine,Known,
CVE-2022-44877,CWP,Control Web Panel,Unknown,CWE-78
CVE-2022-41080,Microsoft,Exchange Server,Known,
CVE-2023-21674,Microsoft,Windows,Unknown,CWE-416
CVE-2018-5430,TIBCO,JasperReports,Unknown,CWE-22
CVE-2018-18809,TIBCO,JasperReports,Unknown,CWE-22
CVE-2022-42856,Apple,iOS,Unknown,CWE-843
CVE-2022-42475,Fortinet,FortiOS,Known,CWE-197
CVE-2022-44698,Microsoft,Defender,Known,CWE-755
CVE-2022-27518,Citrix,Application Delivery Controller (ADC) and Gateway,Unknown,CWE-664
CVE-2022-26500,Veeam,Backup & Replication,Known,CWE-22
CVE-2022-26501,Veeam,Backup & Replication,Known,CWE-306
CVE-2022-4262,Google,Chromium V8,Unknown,"CWE-122, CWE-843"
CVE-2021-35587,Oracle,Fusion Middleware,Unknown,"CWE-502, CWE-790"
CVE-2022-4135,Google,Chromium GPU,Unknown,CWE-787
CVE-2022-41049,Microsoft,Windows,Unknown,CWE-274
CVE-2022-41091,Microsoft,Windows,Known,CWE-863
CVE-2022-41073,Microsoft,Windows,Known,CWE-787
CVE-2022-41125,Microsoft,Windows,Unknown,CWE-787
CVE-2022-41128,Microsoft,Windows,Unknown,CWE-787
CVE-2021-25337,Samsung,Mobile Devices,Unknown,CWE-269
CVE-2021-25369,Samsung,Mobile Devices,Unknown,CWE-200
CVE-2021-25370,Samsung,Mobile Devices,Unknown,CWE-416
CVE-2022-3723,Google,Chromium V8,Unknown,"CWE-122, CWE-843"
CVE-2022-42827,Apple,iOS and iPadOS,Unknown,"CWE-20, CWE-787"
CVE-2020-3433,Cisco,AnyConnect Secure,Known,CWE-427
CVE-2020-3153,Cisco,AnyConnect Secure,Known,CWE-427
CVE-2018-19323,GIGABYTE,Multiple Products,Known,
CVE-2018-19322,GIGABYTE,Multiple Products,Known,CWE-749
CVE-2018-19321,GIGABYTE,Multiple Products,Known,
CVE-2018-19320,GIGABYTE,Multiple Products,Known,
CVE-2022-41352,Synacor,Zimbra Collaboration Suite (ZCS),Unknown,CWE-22
CVE-2021-3493,Linux,Kernel,Unknown,CWE-862
CVE-2022-40684,Fortinet,Multiple Products,Known,CWE-288
CVE-2022-41033,Microsoft,Windows COM+ Event System Service,Unknown,CWE-843
CVE-2022-41082,Microsoft,Exchange Server,Known,CWE-502
CVE-2022-41040,Microsoft,Exchange Server,Known,CWE-918
CVE-2022-36804,Atlassian,Bitbucket Server and Data Center,Unknown,"CWE-78, CWE-88, CWE-158"
CVE-2022-3236,Sophos,Firewall,Unknown,CWE-94
CVE-2022-35405,Zoho,ManageEngine,Unknown,CWE-502
CVE-2022-40139,Trend Micro,Apex One and Apex One as a Service,Unknown,"CWE-353, CWE-641"
CVE-2013-6282,Linux,Kernel,Unknown,CWE-20
CVE-2013-2597,Code Aurora,ACDB Audio Driver,Unknown,CWE-119
CVE-2013-2596,Linux,Kernel,Unknown,CWE-189
CVE-2013-2094,Linux,Kernel,Unknown,CWE-189
CVE-2010-2568,Microsoft,Windows,Unknown,CWE-20
CVE-2022-37969,Microsoft,Windows,Unknown,"CWE-20, CWE-787"
CVE-2022-32917,Apple,"iOS, iPadOS, and macOS",Unknown,"CWE-20, CWE-787"
CVE-2022-3075,Google,Chromium Mojo,Unknown,CWE-20
CVE-2022-27593,QNAP,Photo Station,Known,CWE-610
CVE-2022-26258,D-Link,DIR-820L,Unknown,CWE-78
CVE-2020-9934,Apple,"iOS, iPadOS, and macOS",Unknown,
CVE-2018-7445,MikroTik,RouterOS,Unknown,CWE-119
CVE-2018-6530,D-Link,Multiple Routers,Known,CWE-78
CVE-2018-2628,Oracle,WebLogic Server,Unknown,CWE-502
CVE-2018-13374,Fortinet,FortiOS and FortiADC,Known,CWE-732
CVE-2017-5521,NETGEAR,Multiple Devices,Unknown,CWE-200
CVE-2011-4723,D-Link,DIR-300 Router,Unknown,CWE-310
CVE-2011-1823,Android,Android OS,Unknown,CWE-189
CVE-2022-26352,dotCMS,dotCMS,Known,"CWE-22, CWE-138"
CVE-2022-24706,Apache,CouchDB,Unknown,CWE-1188
CVE-2022-24112,Apache,APISIX,Unknown,CWE-290
CVE-2022-22963,VMware Tanzu,Spring Cloud,Unknown,CWE-94
CVE-2022-2294,WebRTC,WebRTC,Known,CWE-122
CVE-2021-39226,Grafana Labs,Grafana,Unknown,CWE-287
CVE-2021-38406,Delta Electronics,DOPSoft 2,Unknown,CWE-787
CVE-2021-31010,Apple,"iOS, macOS, watchOS",Unknown,"CWE-20, CWE-502"
CVE-2020-36193,PEAR,Archive_Tar,Unknown,"CWE-22, CWE-59"
CVE-2020-28949,PEAR,Archive_Tar,Unknown,CWE-74
CVE-2022-0028,Palo Alto Networks,PAN-OS,Unknown,CWE-940
CVE-2022-22536,SAP,Multiple Products,Unknown,CWE-444
CVE-2022-32894,Apple,iOS and macOS,Unknown,"CWE-20, CWE-787"
CVE-2022-32893,Apple,iOS and macOS,Unknown,"CWE-20, CWE-787"
CVE-2022-2856,Google,Chromium Intents,Unknown,CWE-20
CVE-2022-26923,Microsoft,Active Directory,Unknown,CWE-295
CVE-2022-21971,Microsoft,Windows,Unknown,CWE-824
CVE-2017-15944,Palo Alto Networks,PAN-OS,Unknown,
CVE-2022-27925,Synacor,Zimbra Collaboration Suite (ZCS),Known,CWE-22
CVE-2022-37042,Synacor,Zimbra Collaboration Suite (ZCS),Known,CWE-23
CVE-2022-34713,Microsoft,Windows,Unknown,
CVE-2022-30333,RARLAB,UnRAR,Known,"CWE-22, CWE-59"
CVE-2022-27924,Synacor,Zimbra Collaboration Suite (ZCS),Known,CWE-93
CVE-2022-26138,Atlassian,Confluence,Unknown,CWE-798
CVE-2022-22047,Microsoft,Windows,Unknown,CWE-426
CVE-2022-26925,Microsoft,Windows,Unknown,CWE-306
CVE-2022-29499,Mitel,MiVoice Connect,Known,CWE-20
CVE-2021-30533,Google,Chromium PopupBlocker,Unknown,CWE-863
CVE-2021-4034,Red Hat,Polkit,Unknown,CWE-787
CVE-2021-30983,Apple,iOS and iPadOS,Unknown,CWE-119
CVE-2020-3837,Apple,Multiple Products,Unknown,CWE-787
CVE-2020-9907,Apple,Multiple Products,Unknown,CWE-787
CVE-2019-8605,Apple,Multiple Products,Unknown,CWE-416
CVE-2018-4344,Apple,Multiple Products,Unknown,CWE-119
CVE-2022-30190,Microsoft,Windows,Known,CWE-610
CVE-2021-38163,SAP,NetWeaver,Unknown,CWE-23
CVE-2016-2386,SAP,NetWeaver,Unknown,CWE-89
CVE-2016-2388,SAP,NetWeaver,Unknown,CWE-200
CVE-2019-7195,QNAP,Photo Station,Known,CWE-22
CVE-2019-7194,QNAP,Photo Station,Known,CWE-22
CVE-2019-7193,QNAP,QTS,Known,CWE-20
CVE-2019-7192,QNAP,Photo Station,Known,CWE-863
CVE-2019-5825,Google,Chromium V8,Unknown,CWE-787
CVE-2019-15271,Cisco,RV Series Routers,Unknown,CWE-502
CVE-2018-6065,Google,Chromium V8,Unknown,"CWE-190, CWE-787"
CVE-2018-4990,Adobe,Acrobat and Reader,Unknown,CWE-415
CVE-2018-17480,Google,Chromium V8,Unknown,CWE-787
CVE-2018-17463,Google,Chromium V8,Unknown,
CVE-2017-6862,NETGEAR,Multiple Devices,Unknown,CWE-119
CVE-2017-5070,Google,Chromium V8,Unknown,CWE-843
CVE-2017-5030,Google,Chromium V8,Unknown,CWE-125
CVE-2016-5198,Google,Chromium V8,Unknown,"CWE-125, CWE-787"
CVE-2016-1646,Google,Chromium V8,Unknown,CWE-119
CVE-2013-1331,Microsoft,Office,Unknown,CWE-119
CVE-2012-5054,Adobe,Flash Player,Unknown,CWE-189
CVE-2012-4969,Microsoft,Internet Explorer,Unknown,
CVE-2012-1889,Microsoft,XML Core Services,Unknown,CWE-119
CVE-2012-0767,Adobe,Flash Player,Unknown,CWE-79
CVE-2012-0754,Adobe,Flash Player,Unknown,CWE-787
CVE-2012-0151,Microsoft,Windows,Unknown,CWE-20
CVE-2011-2462,Adobe,Acrobat and Reader,Unknown,CWE-787
CVE-2011-0609,Adobe,Flash Player,Unknown,
CVE-2010-2883,Adobe,Acrobat and Reader,Unknown,CWE-119
CVE-2010-2572,Microsoft,PowerPoint,Unknown,CWE-119
CVE-2010-1297,Adobe,Flash Player,Unknown,CWE-787
CVE-2009-4324,Adobe,Acrobat and Reader,Unknown,CWE-399
CVE-2009-3953,Adobe,Acrobat and Reader,Unknown,CWE-119
CVE-2009-1862,Adobe,"Acrobat and Reader, Flash Player",Unknown,CWE-94
CVE-2009-0563,Microsoft,Office,Unknown,CWE-119
CVE-2009-0557,Microsoft,Office,Unknown,CWE-94
CVE-2008-0655,Adobe,Acrobat and Reader,Unknown,
CVE-2007-5659,Adobe,Acrobat and Reader,Unknown,CWE-119
CVE-2006-2492,Microsoft,Word,Unknown,CWE-120
CVE-2022-26134,Atlassian,Confluence Server/Data Center,Known,CWE-917
CVE-2019-3010,Oracle,Solaris,Unknown,
CVE-2016-3393,Microsoft,Windows,Unknown,CWE-284
CVE-2016-7256,Microsoft,Windows,Unknown,CWE-284
CVE-2016-1010,Adobe,Flash Player and AIR,Unknown,CWE-190
CVE-2016-0984,Adobe,Flash Player and AIR,Unknown,CWE-416
CVE-2016-0034,Microsoft,Silverlight,Known,CWE-20
CVE-2015-0310,Adobe,Flash Player,Unknown,CWE-264
CVE-2015-0016,Microsoft,Windows,Unknown,CWE-22
CVE-2015-0071,Microsoft,Internet Explorer,Unknown,CWE-264
CVE-2015-2360,Microsoft,Win32k,Unknown,CWE-119
CVE-2015-2425,Microsoft,Internet Explorer,Unknown,CWE-119
CVE-2015-1769,Microsoft,Windows,Unknown,CWE-264
CVE-2015-4495,Mozilla,Firefox,Unknown,CWE-200
CVE-2015-8651,Adobe,Flash Player,Unknown,CWE-189
CVE-2015-6175,Microsoft,Windows,Unknown,CWE-264
CVE-2015-1671,Microsoft,Windows,Unknown,CWE-19
CVE-2014-4148,Microsoft,Windows,Unknown,CWE-94
CVE-2014-8439,Adobe,Flash Player,Unknown,CWE-119
CVE-2014-4123,Microsoft,Internet Explorer,Unknown,CWE-264
CVE-2014-0546,Adobe,Acrobat and Reader,Unknown,
CVE-2014-2817,Microsoft,Internet Explorer,Unknown,CWE-264
CVE-2014-4077,Microsoft,Input Method Editor (IME) Japanese,Unknown,CWE-264
CVE-2014-3153,Linux,Kernel,Unknown,CWE-269
CVE-2013-7331,Microsoft,Internet Explorer,Unknown,CWE-200
CVE-2013-3993,IBM,InfoSphere BigInsights,Known,CWE-264
CVE-2013-3896,Microsoft,Silverlight,Unknown,CWE-20
CVE-2013-2423,Oracle,Java Runtime Environment (JRE),Unknown,
CVE-2013-0431,Oracle,Java Runtime Environment (JRE),Known,
CVE-2013-0422,Oracle,Java Runtime Environment (JRE),Unknown,CWE-264
CVE-2013-0074,Microsoft,Silverlight,Known,
CVE-2012-1710,Oracle,Fusion Middleware,Known,
CVE-2010-1428,Red Hat,JBoss,Known,CWE-264
CVE-2010-0840,Oracle,Java Runtime Environment (JRE),Unknown,
CVE-2010-0738,Red Hat,JBoss,Known,CWE-264
CVE-2018-8611,Microsoft,Windows,Unknown,CWE-404
CVE-2018-19953,QNAP,Network Attached Storage (NAS),Known,"CWE-79, CWE-80"
CVE-2018-19949,QNAP,Network Attached Storage (NAS),Known,"CWE-20, CWE-77, CWE-78"
CVE-2018-19943,QNAP,Network Attached Storage (NAS),Known,"CWE-79, CWE-80"
CVE-2017-0147,Microsoft,SMBv1 server,Known,CWE-200
CVE-2017-0022,Microsoft,XML Core Services,Unknown,CWE-200
CVE-2017-0005,Microsoft,Windows,Unknown,CWE-119
CVE-2017-0149,Microsoft,Internet Explorer,Unknown,CWE-119
CVE-2017-0210,Microsoft,Internet Explorer,Unknown,
CVE-2017-8291,Artifex,Ghostscript,Unknown,CWE-704
CVE-2017-8543,Microsoft,Windows,Unknown,CWE-281
CVE-2017-18362,Kaseya,Virtual System/Server Administrator (VSA),Known,CWE-89
CVE-2016-0162,Microsoft,Internet Explorer,Unknown,CWE-200
CVE-2016-3351,Microsoft,Internet Explorer and Edge,Known,CWE-200
CVE-2016-4655,Apple,iOS,Unknown,CWE-200
CVE-2016-4656,Apple,iOS,Unknown,CWE-264
CVE-2016-4657,Apple,iOS,Unknown,CWE-119
CVE-2016-6366,Cisco,Adaptive Security Appliance (ASA),Unknown,CWE-119
CVE-2016-6367,Cisco,Adaptive Security Appliance (ASA),Unknown,CWE-77
CVE-2016-3298,Microsoft,Internet Explorer,Unknown,CWE-200
CVE-2022-20821,Cisco,IOS XR,Unknown,CWE-923
CVE-2021-1048,Android,Kernel,Unknown,CWE-416
CVE-2021-0920,Android,Kernel,Unknown,"CWE-362, CWE-416"
CVE-2021-30883,Apple,Multiple Products,Unknown,CWE-787
CVE-2020-1027,Microsoft,Windows,Unknown,CWE-787
CVE-2020-0638,Microsoft,Update Notification Manager,Known,
CVE-2019-7286,Apple,Multiple Products,Unknown,CWE-787
CVE-2019-7287,Apple,iOS,Unknown,CWE-787
CVE-2019-0676,Microsoft,Internet Explorer,Unknown,
CVE-2019-5786,Google,Chrome Blink,Unknown,CWE-416
CVE-2019-0703,Microsoft,Windows,Unknown,
CVE-2019-0880,Microsoft,Windows,Unknown,
CVE-2019-13720,Google,Chrome WebAudio,Unknown,CWE-416
CVE-2019-11707,Mozilla,Firefox and Thunderbird,Unknown,CWE-843
CVE-2019-11708,Mozilla,Firefox and Thunderbird,Unknown,CWE-20
CVE-2019-8720,WebKitGTK,WebKitGTK,Unknown,CWE-119
CVE-2019-18426,Meta Platforms,WhatsApp,Unknown,CWE-79
CVE-2019-1385,Microsoft,Windows,Known,CWE-59
CVE-2019-1130,Microsoft,Windows,Known,CWE-59
CVE-2018-5002,Adobe,Flash Player,Unknown,CWE-787
CVE-2018-8589,Microsoft,Win32k,Unknown,
CVE-2022-30525,Zyxel,Multiple Firewalls,Unknown,CWE-78
CVE-2022-22947,VMware,Spring Cloud Gateway,Unknown,CWE-94
CVE-2022-1388,F5,BIG-IP,Known,CWE-306
CVE-2021-1789,Apple,Multiple Products,Unknown,CWE-843
CVE-2019-8506,Apple,Multiple Products,Unknown,CWE-843
CVE-2014-4113,Microsoft,Win32k,Unknown,CWE-264
CVE-2014-0322,Microsoft,Internet Explorer,Unknown,CWE-416
CVE-2014-0160,OpenSSL,OpenSSL,Unknown,CWE-125
CVE-2022-29464,WSO2,Multiple Products,Known,CWE-22
CVE-2022-26904,Microsoft,Windows,Unknown,CWE-362
CVE-2022-21919,Microsoft,Windows,Unknown,CWE-1386
CVE-2022-0847,Linux,Kernel,Unknown,CWE-665
CVE-2021-41357,Microsoft,Win32k,Unknown,
CVE-2021-40450,Microsoft,Win32k,Unknown,
CVE-2019-1003029,Jenkins,Script Security Plugin,Unknown,
CVE-2018-6882,Synacor,Zimbra Collaboration Suite (ZCS),Known,CWE-79
CVE-2019-3568,Meta Platforms,WhatsApp,Unknown,CWE-122
CVE-2022-22718,Microsoft,Windows,Unknown,
CVE-2022-22960,VMware,Multiple Products,Unknown,CWE-250
CVE-2022-1364,Google,Chromium V8,Unknown,CWE-843
CVE-2019-3929,Crestron,Multiple Products,Unknown,CWE-79
CVE-2019-16057,D-Link,DNS-320 Storage Device,Known,CWE-78
CVE-2018-7841,Schneider Electric,U.motion Builder,Unknown,CWE-89
CVE-2016-4523,Trihedral,VTScada (formerly VTS),Unknown,CWE-119
CVE-2014-0780,InduSoft,Web Studio,Unknown,CWE-22
CVE-2010-5330,Ubiquiti,AirOS,Unknown,CWE-77
CVE-2007-3010,Alcatel,OmniPCX Enterprise,Unknown,CWE-20
CVE-2022-22954,VMware,Workspace ONE Access and Identity Manager,Known,CWE-94
CVE-2022-24521,Microsoft,Windows,Known,"CWE-787, CWE-1285"
CVE-2018-7602,Drupal,Core,Known,
CVE-2018-20753,Kaseya,Virtual System/Server Administrator (VSA),Known,
CVE-2015-5123,Adobe,Flash Player,Unknown,CWE-416
CVE-2015-5122,Adobe,Flash Player,Unknown,CWE-416
CVE-2015-3113,Adobe,Flash Player,Unknown,CWE-119
CVE-2015-2502,Microsoft,Internet Explorer,Unknown,CWE-119
CVE-2015-0313,Adobe,Flash Player,Unknown,CWE-416
CVE-2015-0311,Adobe,Flash Player,Unknown,
CVE-2014-9163,Adobe,Flash Player,Unknown,
CVE-2022-23176,WatchGuard,Firebox and XTM,Unknown,
CVE-2021-42287,Microsoft,Active Directory,Known,CWE-269
CVE-2021-42278,Microsoft,Active Directory,Known,CWE-20
CVE-2021-39793,Google,Pixel,Unknown,CWE-787
CVE-2021-27852,Checkbox,Checkbox Survey,Unknown,CWE-502
CVE-2021-22600,Linux,Kernel,Unknown,CWE-415
CVE-2020-2509,QNAP,QNAP Network-Attached Storage (NAS),Unknown,"CWE-77, CWE-78"
CVE-2017-11317,Telerik,User Interface (UI) for ASP.NET AJAX,Unknown,CWE-326
CVE-2021-3156,Sudo,Sudo,Unknown,"CWE-122, CWE-193"
CVE-2021-31166,Microsoft,HTTP Protocol Stack,Unknown,CWE-416
CVE-2017-0148,Microsoft,SMBv1 server,Known,CWE-20
CVE-2022-22965,VMware,Spring Framework,Unknown,CWE-94
CVE-2022-22675,Apple,macOS,Unknown,"CWE-20, CWE-125"
CVE-2022-22674,Apple,macOS,Unknown,"CWE-20, CWE-125"
CVE-2021-45382,D-Link,Multiple Routers,Unknown,CWE-78
CVE-2022-26871,Trend Micro,Apex Central,Unknown,CWE-184
CVE-2022-1040,Sophos,Firewall,Unknown,CWE-158
CVE-2021-34484,Microsoft,Windows,Unknown,CWE-269
CVE-2021-28799,QNAP,Network Attached Storage (NAS),Known,CWE-285
CVE-2021-21551,Dell,dbutil Driver,Unknown,CWE-782
CVE-2018-10562,Dasan,Gigabit Passive Optical Network (GPON) Routers,Known,CWE-78
CVE-2018-10561,Dasan,Gigabit Passive Optical Network (GPON) Routers,Unknown,CWE-287
CVE-2022-1096,Google,Chromium V8,Unknown,CWE-843
CVE-2022-0543,Redis,Debian-specific Redis Servers,Unknown,CWE-862
CVE-2021-38646,Microsoft,Office,Known,
CVE-2021-34486,Microsoft,Windows,Unknown,CWE-416
CVE-2021-26085,Atlassian,Confluence Server,Known,CWE-425
CVE-2021-20028,SonicWall,Secure Remote Access (SRA),Known,CWE-89
CVE-2019-7483,SonicWall,SMA100,Unknown,CWE-22
CVE-2018-8440,Microsoft,Windows,Known,
CVE-2018-8406,Microsoft,DirectX Graphics Kernel (DXGKRNL),Known,CWE-404
CVE-2018-8405,Microsoft,DirectX Graphics Kernel (DXGKRNL),Known,CWE-404
CVE-2017-0213,Microsoft,Windows,Known,
CVE-2017-0059,Microsoft,Internet Explorer,Unknown,CWE-200
CVE-2017-0037,Microsoft,Edge and Internet Explorer,Unknown,CWE-704
CVE-2016-7201,Microsoft,Edge,Unknown,CWE-119
CVE-2016-7200,Microsoft,Edge,Unknown,CWE-119
CVE-2016-0189,Microsoft,Internet Explorer,Unknown,CWE-119
CVE-2016-0151,Microsoft,Client-Server Run-time Subsystem (CSRSS),Known,CWE-264
CVE-2016-0040,Microsoft,Windows,Unknown,CWE-264
CVE-2015-2426,Microsoft,Windows,Unknown,CWE-119
CVE-2015-2419,Microsoft,Internet Explorer,Unknown,CWE-119
CVE-2015-1770,Microsoft,Office,Unknown,CWE-19
CVE-2013-3660,Microsoft,Win32k,Unknown,CWE-119
CVE-2013-2729,Adobe,Reader and Acrobat,Unknown,CWE-189
CVE-2013-2551,Microsoft,Internet Explorer,Known,CWE-416
CVE-2013-2465,Oracle,Java SE,Known,
CVE-2013-1690,Mozilla,Firefox and Thunderbird,Unknown,CWE-119
CVE-2012-5076,Oracle,Java SE,Unknown,
CVE-2012-2539,Microsoft,Word,Unknown,CWE-399
CVE-2012-2034,Adobe,Flash Player,Unknown,CWE-119
CVE-2012-0518,Oracle,Fusion Middleware,Unknown,CWE-601
CVE-2011-2005,Microsoft,Ancillary Function Driver (afd.sys),Unknown,CWE-264
CVE-2010-4398,Microsoft,Windows,Unknown,CWE-119
CVE-2022-26318,WatchGuard,Firebox and XTM Appliances,Unknown,CWE-122
CVE-2022-26143,Mitel,"MiCollab, MiVoice Business Express",Unknown,"CWE-306, CWE-406"
CVE-2022-21999,Microsoft,Windows,Known,"CWE-40, CWE-1386"
CVE-2021-42237,Sitecore,XP,Known,CWE-502
CVE-2021-22941,Citrix,ShareFile,Known,CWE-284
CVE-2020-9377,D-Link,DIR-610 Devices,Unknown,CWE-78
CVE-2020-9054,Zyxel,Multiple Network-Attached Storage (NAS) Devices,Unknown,CWE-78
CVE-2020-7247,OpenBSD,OpenSMTPD,Unknown,"CWE-755, CWE-78"
CVE-2020-5410,VMware Tanzu,Spring Cloud Configuration (Config) Server,Unknown,CWE-23
CVE-2020-25223,Sophos,SG UTM,Unknown,CWE-78
CVE-2020-2506,QNAP Systems,Helpdesk,Unknown,CWE-284
CVE-2020-2021,Palo Alto Networks,PAN-OS,Known,CWE-347
CVE-2020-1956,Apache,Kylin,Unknown,CWE-78
CVE-2020-1631,Juniper,Junos OS,Unknown,"CWE-22, CWE-73"
CVE-2019-6340,Drupal,Core,Unknown,CWE-502
CVE-2019-2616,Oracle,BI Publisher (Formerly XML Publisher),Unknown,
CVE-2019-16920,D-Link,Multiple Routers,Unknown,CWE-78
CVE-2019-15107,Webmin,Webmin,Unknown,CWE-78
CVE-2019-12991,Citrix,SD-WAN and NetScaler,Unknown,CWE-78
CVE-2019-12989,Citrix,SD-WAN and NetScaler,Unknown,CWE-89
CVE-2019-11043,PHP,FastCGI Process Manager (FPM),Known,CWE-120
CVE-2019-10068,Kentico,Xperience,Unknown,CWE-502
CVE-2019-1003030,Jenkins,Matrix Project Plugin,Unknown,
CVE-2019-0903,Microsoft,Graphics Device Interface (GDI),Unknown,
CVE-2018-8414,Microsoft,Windows,Unknown,CWE-20
CVE-2018-8373,Microsoft,Internet Explorer Scripting Engine,Unknown,CWE-787
CVE-2018-6961,VMware,SD-WAN Edge,Unknown,CWE-78
CVE-2018-14839,LG,N1A1 NAS,Unknown,CWE-78
CVE-2018-1273,VMware Tanzu,Spring Data Commons,Known,CWE-94
CVE-2018-11138,Quest,KACE System Management Appliance,Known,CWE-78
CVE-2018-0147,Cisco,Secure Access Control System (ACS),Unknown,CWE-20
CVE-2018-0125,Cisco,VPN Routers,Unknown,CWE-20
CVE-2017-6334,NETGEAR,DGN2200 Devices,Unknown,CWE-78
CVE-2017-6316,Citrix,"NetScaler SD-WAN Enterprise, CloudBridge Virtual WAN, and XenMobile Server",Unknown,CWE-20
CVE-2017-3881,Cisco,IOS and IOS XE,Unknown,CWE-20
CVE-2017-12617,Apache,Tomcat,Unknown,CWE-434
CVE-2017-12615,Apache,Tomcat,Known,CWE-434
CVE-2017-0146,Microsoft,Windows,Known,CWE-20
CVE-2016-7892,Adobe,Flash Player,Unknown,CWE-416
CVE-2016-4171,Adobe,Flash Player,Unknown,
CVE-2016-1555,NETGEAR,Wireless Access Point (WAP) Devices,Unknown,CWE-77
CVE-2016-11021,D-Link,DCS-930L Devices,Unknown,CWE-78
CVE-2016-10174,NETGEAR,WNR2000v5 Router,Unknown,CWE-119
CVE-2016-0752,Rails,Ruby on Rails,Unknown,CWE-22
CVE-2015-4068,Arcserve,Unified Data Protection (UDP),Unknown,CWE-22
CVE-2015-3035,TP-Link,Multiple Archer Devices,Unknown,CWE-22
CVE-2015-1427,Elastic,Elasticsearch,Unknown,CWE-284
CVE-2015-1187,D-Link and TRENDnet,Multiple Devices,Unknown,CWE-287
CVE-2015-0666,Cisco,Prime Data Center Network Manager (DCNM),Unknown,CWE-22
CVE-2014-6332,Microsoft,Windows,Unknown,CWE-119
CVE-2014-6324,Microsoft,Kerberos Key Distribution Center (KDC),Unknown,CWE-264
CVE-2014-6287,Rejetto,HTTP File Server (HFS),Unknown,CWE-94
CVE-2014-3120,Elastic,Elasticsearch,Unknown,CWE-284
CVE-2014-0130,Rails,Ruby on Rails,Unknown,CWE-22
CVE-2013-5223,D-Link,DSL-2760U,Unknown,CWE-79
CVE-2013-4810,Hewlett Packard (HP),"ProCurve Manager (PCM), PCM+, Identity Driven Manager (IDM), and Application Lifecycle Management",Unknown,CWE-94
CVE-2013-2251,Apache,Struts,Unknown,CWE-20
CVE-2012-1823,PHP,PHP,Unknown,CWE-20
CVE-2010-4345,Exim,Exim,Unknown,CWE-264
CVE-2010-4344,Exim,Exim,Unknown,CWE-119
CVE-2010-3035,Cisco,IOS XR,Unknown,CWE-20
CVE-2010-2861,Adobe,ColdFusion,Known,CWE-22
CVE-2009-2055,Cisco,IOS XR,Unknown,CWE-20
CVE-2009-1151,phpMyAdmin,phpMyAdmin,Unknown,CWE-94
CVE-2009-0927,Adobe,Reader and Acrobat,Unknown,CWE-20
CVE-2005-2773,Hewlett Packard (HP),OpenView Network Node Manager,Unknown,
CVE-2020-5135,SonicWall,SonicOS,Unknown,CWE-120
CVE-2019-1405,Microsoft,Windows,Known,
CVE-2019-1322,Microsoft,Windows,Known,
CVE-2019-1315,Microsoft,Windows,Known,CWE-59
CVE-2019-1253,Microsoft,Windows,Known,CWE-59
CVE-2019-1132,Microsoft,Win32k,Unknown,
CVE-2019-1129,Microsoft,Windows,Known,CWE-59
CVE-2019-1069,Microsoft,Task Scheduler,Known,CWE-59
CVE-2019-1064,Microsoft,Windows,Known,CWE-59
CVE-2019-0841,Microsoft,Windows,Known,CWE-59
CVE-2019-0543,Microsoft,Windows,Known,CWE-287
CVE-2018-8120,Microsoft,Win32k,Known,CWE-404
CVE-2017-0101,Microsoft,Windows,Known,CWE-119
CVE-2016-3309,Microsoft,Windows,Known,CWE-264
CVE-2015-2546,Microsoft,Win32k,Known,CWE-119
CVE-2022-26486,Mozilla,Firefox,Unknown,CWE-416
CVE-2022-26485,Mozilla,Firefox,Unknown,CWE-416
CVE-2021-21973,VMware,vCenter Server and Cloud Foundation,Unknown,"CWE-20, CWE-918"
CVE-2020-8218,Pulse Secure,Pulse Connect Secure,Unknown,CWE-94
CVE-2019-11581,Atlassian,Jira Server and Data Center,Unknown,CWE-74
CVE-2017-6077,NETGEAR,Wireless Router DGN2200,Unknown,CWE-78
CVE-2016-6277,NETGEAR,Multiple Routers,Unknown,CWE-352
CVE-2013-0631,Adobe,ColdFusion,Unknown,CWE-200
CVE-2013-0629,Adobe,ColdFusion,Unknown,CWE-264
CVE-2013-0625,Adobe,ColdFusion,Unknown,CWE-255
CVE-2009-3960,Adobe,BlazeDS,Known,
CVE-2022-20708,Cisco,"Small Business RV160, RV260, RV340, and RV345 Series Routers",Unknown,CWE-121
CVE-2022-20703,Cisco,"Small Business RV160, RV260, RV340, and RV345 Series Routers",Unknown,CWE-347
CVE-2022-20701,Cisco,"Small Business RV160, RV260, RV340, and RV345 Series Routers",Unknown,CWE-121
CVE-2022-20700,Cisco,"Small Business RV160, RV260, RV340, and RV345 Series Routers",Unknown,CWE-121
CVE-2022-20699,Cisco,"Small Business RV160, RV260, RV340, and RV345 Series Routers",Unknown,CWE-785
CVE-2021-41379,Microsoft,Windows,Known,CWE-1386
CVE-2020-1938,Apache,Tomcat,Unknown,
CVE-2020-11899,Treck TCP/IP stack,IPv6,Unknown,CWE-125
CVE-2019-16928,Exim,Exim Internet Mailer,Unknown,CWE-787
CVE-2019-1652,Cisco,Small Business RV320 and RV325 Dual Gigabit WAN VPN Routers,Unknown,CWE-20
CVE-2019-1297,Microsoft,Excel,Unknown,
CVE-2018-8581,Microsoft,Exchange Server,Known,
CVE-2018-8298,ChakraCore,ChakraCore scripting engine,Unknown,CWE-843
CVE-2018-0180,Cisco,IOS Software,Unknown,CWE-399
CVE-2018-0179,Cisco,IOS Software,Unknown,CWE-399
CVE-2018-0175,Cisco,"IOS, XR, and XE Software",Unknown,CWE-119
CVE-2018-0174,Cisco,IOS XE Software,Unknown,CWE-20
CVE-2018-0173,Cisco,IOS and IOS XE Software,Unknown,CWE-20
CVE-2018-0172,Cisco,IOS and IOS XE Software,Unknown,CWE-20
CVE-2018-0167,Cisco,"IOS, XR, and XE Software",Unknown,CWE-119
CVE-2018-0161,Cisco,IOS Software,Unknown,CWE-399
CVE-2018-0159,Cisco,IOS Software and Cisco IOS XE Software,Unknown,CWE-20
CVE-2018-0158,Cisco,IOS Software and Cisco IOS XE Software,Unknown,CWE-20
CVE-2018-0156,Cisco,IOS Software and Cisco IOS XE Software,Unknown,CWE-399
CVE-2018-0155,Cisco,Catalyst 4500 Series Switches and Cisco Catalyst 4500-X Series Switches,Unknown,CWE-388
CVE-2018-0154,Cisco,IOS Software,Unknown,CWE-399
CVE-2018-0151,Cisco,IOS and IOS XE Software,Unknown,CWE-119
CVE-2017-8540,Microsoft,Malware Protection Engine,Unknown,CWE-119
CVE-2017-6744,Cisco,IOS software,Unknown,CWE-119
CVE-2017-6743,Cisco,IOS and IOS XE Software,Unknown,CWE-119
CVE-2017-6740,Cisco,IOS and IOS XE Software,Unknown,CWE-119
CVE-2017-6739,Cisco,IOS and IOS XE Software,Unknown,CWE-119
CVE-2017-6738,Cisco,IOS and IOS XE Software,Unknown,CWE-119
CVE-2017-6737,Cisco,IOS and IOS XE Software,Unknown,CWE-119
CVE-2017-6736,Cisco,IOS and IOS XE Software,Unknown,CWE-119
CVE-2017-6663,Cisco,IOS and IOS XE Software,Unknown,
CVE-2017-6627,Cisco,IOS and IOS XE Software,Unknown,CWE-399
CVE-2017-12319,Cisco,IOS XE Software,Unknown,CWE-20
CVE-2017-12240,Cisco,IOS and IOS XE Software,Unknown,CWE-20
CVE-2017-12238,Cisco,Catalyst 6800 Series Switches,Unknown,CWE-399
CVE-2017-12237,Cisco,IOS and IOS XE Software,Unknown,CWE-399
CVE-2017-12235,Cisco,IOS software,Unknown,CWE-20
CVE-2017-12234,Cisco,IOS software,Unknown,CWE-20
CVE-2017-12233,Cisco,IOS software,Unknown,CWE-20
CVE-2017-12232,Cisco,IOS software,Unknown,CWE-399
CVE-2017-12231,Cisco,IOS software,Unknown,CWE-399
CVE-2017-11826,Microsoft,Office,Unknown,CWE-119
CVE-2017-11292,Adobe,Flash Player,Unknown,CWE-843
CVE-2017-0261,Microsoft,Office,Unknown,CWE-416
CVE-2017-0001,Microsoft,Graphics Device Interface (GDI),Unknown,
CVE-2016-8562,Siemens,SIMATIC CP,Unknown,CWE-20
CVE-2016-7855,Adobe,Flash Player,Unknown,CWE-416
CVE-2016-7262,Microsoft,Excel,Unknown,CWE-20
CVE-2016-7193,Microsoft,Office,Unknown,CWE-119
CVE-2016-5195,Linux,Kernel,Unknown,CWE-362
CVE-2016-4117,Adobe,Flash Player,Unknown,
CVE-2016-1019,Adobe,Flash Player,Known,
CVE-2016-0099,Microsoft,Windows,Known,CWE-264
CVE-2015-7645,Adobe,Flash Player,Known,
CVE-2015-5119,Adobe,Flash Player,Unknown,CWE-119
CVE-2015-4902,Oracle,Java SE,Unknown,
CVE-2015-3043,Adobe,Flash Player,Unknown,CWE-787
CVE-2015-2590,Oracle,Java SE,Unknown,
CVE-2015-2545,Microsoft,Office,Unknown,CWE-20
CVE-2015-2424,Microsoft,PowerPoint,Unknown,CWE-119
CVE-2015-2387,Microsoft,ATM Font Driver,Unknown,CWE-264
CVE-2015-1701,Microsoft,Win32k,Known,CWE-264
CVE-2015-1642,Microsoft,Office,Unknown,CWE-119
CVE-2014-4114,Microsoft,Windows,Unknown,CWE-20
CVE-2014-0496,Adobe,Reader and Acrobat,Unknown,CWE-399
CVE-2013-5065,Microsoft,Windows,Unknown,CWE-20
CVE-2013-3897,Microsoft,Internet Explorer,Unknown,CWE-399
CVE-2013-3346,Adobe,Reader and Acrobat,Unknown,CWE-119
CVE-2013-1675,Mozilla,Firefox,Unknown,CWE-119
CVE-2013-1347,Microsoft,Internet Explorer,Unknown,CWE-94
CVE-2013-0641,Adobe,Reader,Unknown,CWE-120
CVE-2013-0640,Adobe,Reader and Acrobat,Unknown,CWE-787
CVE-2013-0632,Adobe,ColdFusion,Unknown,CWE-200
CVE-2012-4681,Oracle,Java SE,Known,
CVE-2012-1856,Microsoft,Office,Unknown,CWE-94
CVE-2012-1723,Oracle,Java SE,Known,
CVE-2012-1535,Adobe,Flash Player,Unknown,
CVE-2012-0507,Oracle,Java SE,Known,
CVE-2011-3544,Oracle,Java SE JDK and JRE,Unknown,
CVE-2011-1889,Microsoft,Forefront Threat Management Gateway (TMG),Unknown,CWE-119
CVE-2011-0611,Adobe,Flash Player,Unknown,CWE-843
CVE-2010-3333,Microsoft,Office,Unknown,CWE-119
CVE-2010-0232,Microsoft,Windows,Unknown,CWE-264
CVE-2010-0188,Adobe,Reader and Acrobat,Known,CWE-94
CVE-2009-3129,Microsoft,Excel,Unknown,CWE-94
CVE-2009-1123,Microsoft,Windows,Unknown,CWE-20
CVE-2008-3431,Oracle,VirtualBox,Unknown,CWE-264
CVE-2008-2992,Adobe,Acrobat and Reader,Known,CWE-119
CVE-2004-0210,Microsoft,Windows,Unknown,CWE-120
CVE-2002-0367,Microsoft,Windows,Unknown,
CVE-2022-24682,Synacor,Zimbra Collaborate Suite (ZCS),Known,"CWE-79, CWE-116"
CVE-2017-8570,Microsoft,Office,Unknown,
CVE-2017-0222,Microsoft,Internet Explorer,Unknown,CWE-119
CVE-2014-6352,Microsoft,Windows,Unknown,CWE-94
CVE-2022-23131,Zabbix,Frontend,Unknown,CWE-290
CVE-2022-23134,Zabbix,Frontend,Unknown,CWE-284
CVE-2022-24086,Adobe,Commerce and Magento Open Source,Unknown,CWE-20
CVE-2022-0609,Google,Chromium Animation,Unknown,CWE-416
CVE-2019-0752,Microsoft,Internet Explorer,Known,CWE-843
CVE-2018-8174,Microsoft,Windows,Known,CWE-787
CVE-2018-20250,RARLAB,WinRAR,Known,CWE-36
CVE-2018-15982,Adobe,Flash Player,Known,CWE-416
CVE-2017-9841,PHPUnit,PHPUnit,Unknown,CWE-94
CVE-2014-1761,Microsoft,Word,Unknown,CWE-119
CVE-2013-3906,Microsoft,Graphics Component,Unknown,CWE-94
CVE-2022-22620,Apple,"iOS, iPadOS, and macOS",Unknown,CWE-416
CVE-2021-36934,Microsoft,Windows,Unknown,CWE-1220
CVE-2020-0796,Microsoft,SMBv3,Known,CWE-119
CVE-2018-1000861,Jenkins,Jenkins Stapler Web Framework,Unknown,CWE-502
CVE-2017-9791,Apache,Struts 1,Unknown,CWE-20
CVE-2017-8464,Microsoft,Windows,Unknown,
CVE-2017-10271,Oracle,WebLogic Server,Known,
CVE-2017-0263,Microsoft,Win32k,Unknown,CWE-416
CVE-2017-0262,Microsoft,Office,Unknown,
CVE-2017-0145,Microsoft,SMBv1,Known,CWE-20
CVE-2017-0144,Microsoft,SMBv1,Known,CWE-20
CVE-2016-3088,Apache,ActiveMQ,Unknown,CWE-20
CVE-2015-2051,D-Link,DIR-645 Router,Unknown,CWE-77
CVE-2015-1635,Microsoft,HTTP.sys,Unknown,CWE-94
CVE-2015-1130,Apple,OS X,Unknown,CWE-254
CVE-2014-4404,Apple,OS X,Unknown,CWE-119
CVE-2022-21882,Microsoft,Win32k,Unknown,CWE-787
CVE-2022-22587,Apple,iOS and macOS,Unknown,"CWE-20, CWE-787"
CVE-2021-20038,SonicWall,SMA 100 Appliances,Known,CWE-121
CVE-2020-5722,Grandstream,UCM6200,Unknown,CWE-89
CVE-2020-0787,Microsoft,Windows,Known,"CWE-269, CWE-59"
CVE-2017-5689,Intel,"Active Management Technology (AMT), Small Business Technology (SBT), and Standard Manageability",Unknown,
CVE-2014-1776,Microsoft,Internet Explorer,Unknown,CWE-416
CVE-2014-6271,GNU,Bourne-Again Shell (Bash),Unknown,CWE-78
CVE-2014-7169,GNU,Bourne-Again Shell (Bash),Unknown,CWE-78
CVE-2006-1547,Apache,Struts 1,Unknown,
CVE-2012-0391,Apache,Struts 2,Unknown,CWE-20
CVE-2018-8453,Microsoft,Win32k,Known,CWE-404
CVE-2021-35247,SolarWinds,Serv-U,Unknown,CWE-20
CVE-2021-32648,October CMS,October CMS,Unknown,CWE-287
CVE-2021-25296,Nagios,Nagios XI,Unknown,"CWE-78, CWE-138"
CVE-2021-25297,Nagios,Nagios XI,Unknown,"CWE-78, CWE-138"
CVE-2021-25298,Nagios,Nagios XI,Unknown,"CWE-78, CWE-138"
CVE-2021-40870,Aviatrix,Aviatrix Controller,Unknown,"CWE-25, CWE-96"
CVE-2021-33766,Microsoft,Exchange Server,Unknown,CWE-287
CVE-2021-21975,VMware,vRealize Operations Manager API,Known,CWE-918
CVE-2021-21315,Npm package,System Information Library for Node.JS,Unknown,CWE-78
CVE-2021-22991,F5,BIG-IP Traffic Management Microkernel,Unknown,CWE-119
CVE-2020-14864,Oracle,Intelligence Enterprise Edition,Unknown,CWE-22
CVE-2020-13671,Drupal,Drupal core,Unknown,CWE-434
CVE-2020-11978,Apache,Airflow,Unknown,CWE-78
CVE-2020-13927,Apache,Airflow's Experimental API,Unknown,"CWE-1188, CWE-306"
CVE-2021-22017,VMware,vCenter Server,Unknown,CWE-23
CVE-2021-36260,Hikvision,Security cameras web server,Unknown,CWE-78
CVE-2020-6572,Google,Chrome Media,Unknown,CWE-416
CVE-2019-1458,Microsoft,Win32k,Known,
CVE-2013-3900,Microsoft,WinVerifyTrust function,Unknown,CWE-20
CVE-2019-2725,Oracle,WebLogic Server,Known,CWE-74
CVE-2019-9670,Synacor,Zimbra Collaboration Suite (ZCS),Unknown,CWE-611
CVE-2018-13382,Fortinet,FortiOS and FortiProxy,Known,CWE-285
CVE-2018-13383,Fortinet,FortiOS and FortiProxy,Known,CWE-787
CVE-2019-1579,Palo Alto Networks,PAN-OS,Known,CWE-134
CVE-2019-10149,Exim,Mail Transfer Agent (MTA),Unknown,CWE-78
CVE-2015-7450,IBM,WebSphere Application Server and Server Hypervisor Edition,Unknown,CWE-94
CVE-2017-1000486,Primetek,Primefaces Application,Unknown,CWE-326
CVE-2019-7609,Elastic,Kibana,Unknown,CWE-94
CVE-2021-27860,FatPipe,"WARP, IPVPN, and MPVPN software",Unknown,CWE-434
CVE-2021-43890,Microsoft,Windows,Known,
CVE-2021-4102,Google,Chromium V8,Unknown,CWE-416
CVE-2021-44515,Zoho,Desktop Central,Unknown,
CVE-2019-13272,Linux,Kernel,Unknown,CWE-269
CVE-2021-35394,Realtek,Jungle Software Development Kit (SDK),Unknown,"CWE-78, CWE-138"
CVE-2019-7238,Sonatype,Nexus Repository Manager,Unknown,
CVE-2019-0193,Apache,Solr,Unknown,CWE-94
CVE-2021-44168,Fortinet,FortiOS,Unknown,CWE-494
CVE-2017-17562,Embedthis,GoAhead,Unknown,CWE-20
CVE-2017-12149,Red Hat,JBoss Application Server,Known,CWE-502
CVE-2010-1871,Red Hat,JBoss Seam 2,Unknown,CWE-20
CVE-2020-17463,Fuel CMS,Fuel CMS,Unknown,CWE-89
CVE-2020-8816,Pi-hole,AdminLTE,Unknown,CWE-78
CVE-2019-10758,MongoDB,mongo-express,Unknown,
CVE-2021-44228,Apache,Log4j2,Known,"CWE-20, CWE-400, CWE-502"
CVE-2020-11261,Qualcomm,"Snapdragon Auto, Snapdragon Compute, Snapdragon Connectivity, Snapdragon Consumer IOT, Snapdragon Industrial IOT, Snapdragon Mobile, Snapdragon Voice & Music, Snapdragon Wearables",Unknown,CWE-20
CVE-2018-14847,MikroTik,RouterOS,Unknown,CWE-22
CVE-2021-37415,Zoho,ManageEngine ServiceDesk Plus (SDP),Unknown,CWE-306
CVE-2021-40438,Apache,Apache,Unknown,CWE-918
CVE-2021-44077,Zoho,ManageEngine ServiceDesk Plus (SDP) / SupportCenter Plus,Unknown,CWE-306
CVE-2021-22204,Perl,Exiftool,Unknown,CWE-95
CVE-2021-40449,Microsoft,Windows,Known,CWE-416
CVE-2021-42321,Microsoft,Exchange,Known,"CWE-184, CWE-502"
CVE-2021-42292,Microsoft,Office,Unknown,CWE-357
CVE-2021-27104,Accellion,FTA,Known,"CWE-20, CWE-78"
CVE-2021-27102,Accellion,FTA,Known,"CWE-20, CWE-78"
CVE-2021-27101,Accellion,FTA,Known,"CWE-89, CWE-138"
CVE-2021-27103,Accellion,FTA,Known,CWE-918
CVE-2021-21017,Adobe,Acrobat and Reader,Unknown,CWE-122
CVE-2021-28550,Adobe,Acrobat and Reader,Unknown,CWE-416
CVE-2018-4939,Adobe,ColdFusion,Unknown,CWE-502
CVE-2018-15961,Adobe,ColdFusion,Unknown,CWE-434
CVE-2018-4878,Adobe,Flash Player,Known,CWE-416
CVE-2020-5735,Amcrest,Cameras and Network Video Recorder (NVR),Unknown,CWE-121
CVE-2019-2215,Android,Android Kernel,Unknown,CWE-416
CVE-2020-0041,Android,Android Kernel,Unknown,CWE-20
CVE-2020-0069,MediaTek,Multiple Chipsets,Unknown,CWE-787
CVE-2017-9805,Apache,Struts,Unknown,CWE-502
CVE-2021-42013,Apache,HTTP Server,Known,CWE-22
CVE-2021-41773,Apache,HTTP Server,Known,CWE-22
CVE-2019-0211,Apache,HTTP Server,Unknown,CWE-416
CVE-2016-4437,Apache,Shiro,Unknown,CWE-284
CVE-2019-17558,Apache,Solr,Unknown,CWE-74
CVE-2020-17530,Apache,Struts,Unknown,CWE-917
CVE-2017-5638,Apache,Struts,Known,CWE-20
CVE-2018-11776,Apache,Struts,Unknown,CWE-20
CVE-2021-30858,Apple,"iOS, iPadOS, and macOS",Unknown,CWE-416
CVE-2019-6223,Apple,iOS and macOS,Unknown,
CVE-2021-30860,Apple,Multiple Products,Unknown,"CWE-20, CWE-190"
CVE-2020-27930,Apple,Multiple Products,Unknown,CWE-787
CVE-2021-30807,Apple,Multiple Products,Unknown,CWE-787
CVE-2020-27950,Apple,Multiple Products,Unknown,CWE-665
CVE-2020-27932,Apple,Multiple Products,Unknown,CWE-843
CVE-2020-9818,Apple,"iOS, iPadOS, and watchOS",Unknown,CWE-787
CVE-2020-9819,Apple,"iOS, iPadOS, and watchOS",Unknown,CWE-787
CVE-2021-30762,Apple,iOS,Unknown,CWE-416
CVE-2021-1782,Apple,Multiple Products,Unknown,"CWE-362, CWE-667"
CVE-2021-1870,Apple,"iOS, iPadOS, and macOS",Unknown,CWE-1173
CVE-2021-1871,Apple,"iOS, iPadOS, and macOS",Unknown,CWE-1173
CVE-2021-1879,Apple,"iOS, iPadOS, and watchOS",Unknown,CWE-79
CVE-2021-30661,Apple,Multiple Products,Unknown,CWE-416
CVE-2021-30666,Apple,iOS,Unknown,CWE-119
CVE-2021-30713,Apple,macOS,Unknown,CWE-862
CVE-2021-30657,Apple,macOS,Unknown,CWE-862
CVE-2021-30665,Apple,Multiple Products,Unknown,CWE-787
CVE-2021-30663,Apple,Multiple Products,Unknown,"CWE-20, CWE-190"
CVE-2021-30761,Apple,iOS,Unknown,CWE-787
CVE-2021-30869,Apple,"iOS, iPadOS, and macOS",Unknown,CWE-843
CVE-2020-9859,Apple,Multiple Products,Unknown,CWE-415
CVE-2021-20090,Arcadyan,Buffalo Firmware,Unknown,CWE-22
CVE-2021-27562,Arm,Trusted Firmware,Unknown,CWE-787
CVE-2021-28664,Arm,Mali Graphics Processing Unit (GPU),Unknown,CWE-787
CVE-2021-28663,Arm,Mali Graphics Processing Unit (GPU),Unknown,CWE-416
CVE-2019-3398,Atlassian,Confluence Server and Data Center,Unknown,CWE-22
CVE-2021-26084,Atlassian,Confluence Server and Data Center,Known,CWE-917
CVE-2019-11580,Atlassian,Crowd and Crowd Data Center,Known,
CVE-2019-3396,Atlassian,Confluence Server and Data Server,Known,CWE-22
CVE-2021-42258,BQE,BillQuick Web Suite,Known,CWE-89
CVE-2020-3452,Cisco,Adaptive Security Appliance (ASA) and Firepower Threat Defense (FTD),Unknown,CWE-20
CVE-2020-3580,Cisco,Adaptive Security Appliance (ASA) and Firepower Threat Defense (FTD),Known,CWE-79
CVE-2021-1497,Cisco,HyperFlex HX,Unknown,CWE-78
CVE-2021-1498,Cisco,HyperFlex HX,Unknown,CWE-78
CVE-2018-0171,Cisco,IOS and IOS XE,Unknown,CWE-20
CVE-2020-3118,Cisco,IOS XR,Unknown,CWE-134
CVE-2020-3566,Cisco,IOS XR,Unknown,CWE-400
CVE-2020-3569,Cisco,IOS XR,Unknown,CWE-400
CVE-2020-3161,Cisco,Cisco IP Phones,Unknown,CWE-20
CVE-2019-1653,Cisco,Small Business RV320 and RV325 Routers,Unknown,CWE-284
CVE-2018-0296,Cisco,Adaptive Security Appliance (ASA),Unknown,CWE-20
CVE-2019-13608,Citrix,StoreFront Server,Known,CWE-611
CVE-2020-8193,Citrix,"Application Delivery Controller (ADC), Gateway, and SD-WAN WANOP Appliance",Unknown,CWE-284
CVE-2020-8195,Citrix,"Application Delivery Controller (ADC), Gateway, and SD-WAN WANOP Appliance",Unknown,CWE-20
CVE-2020-8196,Citrix,"Application Delivery Controller (ADC), Gateway, and SD-WAN WANOP Appliance",Unknown,CWE-284
CVE-2019-19781,Citrix,"Application Delivery Controller (ADC), Gateway, and SD-WAN WANOP Appliance",Known,CWE-22
CVE-2019-11634,Citrix,Workspace Application and Receiver for Windows,Known,
CVE-2020-29557,D-Link,DIR-825 R1 Devices,Unknown,CWE-119
CVE-2020-25506,D-Link,DNS-320 Device,Unknown,CWE-78
CVE-2018-15811,DotNetNuke (DNN),DotNetNuke (DNN),Unknown,CWE-326
CVE-2018-18325,DotNetNuke (DNN),DotNetNuke (DNN),Unknown,CWE-326
CVE-2017-9822,DotNetNuke (DNN),DotNetNuke (DNN),Known,CWE-20
CVE-2019-15752,Docker,Desktop Community Edition,Unknown,CWE-732
CVE-2020-8515,DrayTek,Multiple Vigor Routers,Unknown,CWE-78
CVE-2018-7600,Drupal,Drupal Core,Known,CWE-20
CVE-2021-22205,GitLab,Community and Enterprise Editions,Known,"CWE-20, CWE-95"
CVE-2018-6789,Exim,Exim,Known,CWE-119
CVE-2020-8657,EyesOfNetwork,EyesOfNetwork,Unknown,CWE-798
CVE-2020-8655,EyesOfNetwork,EyesOfNetwork,Unknown,CWE-269
CVE-2020-5902,F5,BIG-IP,Known,CWE-22
CVE-2021-22986,F5,BIG-IP and BIG-IQ Centralized Management,Known,CWE-863
CVE-2021-35464,ForgeRock,Access Management (AM),Known,CWE-502
CVE-2019-5591,Fortinet,FortiOS,Unknown,CWE-306
CVE-2020-12812,Fortinet,FortiOS,Known,"CWE-178, CWE-287"
CVE-2018-13379,Fortinet,FortiOS,Known,CWE-22
CVE-2020-16010,Google,Chrome for Android UI,Unknown,CWE-787
CVE-2020-15999,Google,Chrome FreeType,Unknown,CWE-787
CVE-2021-21166,Google,Chromium,Unknown,"CWE-122, CWE-362"
CVE-2020-16017,Google,Chrome,Unknown,CWE-416
CVE-2021-37976,Google,Chromium,Unknown,CWE-862
CVE-2020-16009,Google,Chromium V8,Unknown,"CWE-787, CWE-843"
CVE-2021-30632,Google,Chromium V8,Unknown,CWE-122
CVE-2020-16013,Google,Chromium V8,Unknown,CWE-787
CVE-2021-30633,Google,Chromium Indexed DB API,Unknown,CWE-416
CVE-2021-21148,Google,Chromium V8,Unknown,CWE-122
CVE-2021-37973,Google,Chromium Portals,Unknown,CWE-416
CVE-2021-30551,Google,Chromium V8,Unknown,"CWE-122, CWE-843"
CVE-2021-37975,Google,Chromium V8,Unknown,CWE-416
CVE-2020-6418,Google,Chromium V8,Unknown,CWE-843
CVE-2021-30554,Google,Chromium WebGL,Unknown,CWE-416
CVE-2021-21206,Google,Chromium Blink,Unknown,CWE-416
CVE-2021-38000,Google,Chromium Intents,Unknown,CWE-20
CVE-2021-38003,Google,Chromium V8,Unknown,"CWE-122, CWE-755"
CVE-2021-21224,Google,Chromium V8,Unknown,CWE-843
CVE-2021-21193,Google,Chromium Blink,Unknown,CWE-416
CVE-2021-21220,Google,Chromium V8,Unknown,"CWE-20, CWE-122"
CVE-2021-30563,Google,Chromium V8,Unknown,"CWE-122, CWE-843"
CVE-2020-4430,IBM,Data Risk Manager,Unknown,CWE-22
CVE-2020-4427,IBM,Data Risk Manager,Unknown,
CVE-2020-4428,IBM,Data Risk Manager,Unknown,CWE-78
CVE-2019-4716,IBM,Planning Analytics,Unknown,CWE-94
CVE-2016-3715,ImageMagick,ImageMagick,Unknown,CWE-284
CVE-2016-3718,ImageMagick,ImageMagick,Unknown,CWE-20
CVE-2020-15505,Ivanti,MobileIron Multiple Products,Unknown,CWE-706
CVE-2021-30116,Kaseya,Virtual System/Server Administrator (VSA),Known,CWE-522
CVE-2020-7961,Liferay,Liferay Portal,Unknown,CWE-502
CVE-2021-23874,McAfee,McAfee Total Protection (MTP),Unknown,CWE-284
CVE-2021-22506,Micro Focus,Micro Focus Access Manager,Unknown,
CVE-2021-22502,Micro Focus,Operation Bridge Reporter (OBR),Unknown,"CWE-20, CWE-78"
CVE-2014-1812,Microsoft,Windows,Known,CWE-255
CVE-2021-38647,Microsoft,Open Management Infrastructure (OMI),Known,CWE-1390
CVE-2016-0167,Microsoft,Win32k,Known,CWE-264
CVE-2020-0878,Microsoft,Edge and Internet Explorer,Known,CWE-787
CVE-2021-31955,Microsoft,Windows,Unknown,CWE-497
CVE-2021-1647,Microsoft,Defender,Unknown,"CWE-122, CWE-1285"
CVE-2021-33739,Microsoft,Windows,Unknown,
CVE-2016-0185,Microsoft,Windows,Unknown,CWE-20
CVE-2020-0683,Microsoft,Windows,Unknown,
CVE-2020-17087,Microsoft,Windows,Unknown,CWE-131
CVE-2021-33742,Microsoft,Windows,Unknown,"CWE-787, CWE-823"
CVE-2021-31199,Microsoft,Enhanced Cryptographic Provider,Unknown,
CVE-2021-33771,Microsoft,Windows,Unknown,CWE-119
CVE-2021-31956,Microsoft,Windows,Unknown,"CWE-191, CWE-787"
CVE-2021-31201,Microsoft,Enhanced Cryptographic Provider,Unknown,
CVE-2021-31979,Microsoft,Windows,Unknown,CWE-119
CVE-2020-0938,Microsoft,Windows,Unknown,CWE-787
CVE-2020-17144,Microsoft,Exchange Server,Unknown,CWE-502
CVE-2020-0986,Microsoft,Windows,Unknown,CWE-787
CVE-2020-1020,Microsoft,Windows,Unknown,CWE-787
CVE-2021-38645,Microsoft,Open Management Infrastructure (OMI),Unknown,
CVE-2021-34523,Microsoft,Exchange Server,Known,CWE-287
CVE-2017-7269,Microsoft,Internet Information Services (IIS),Unknown,CWE-119
CVE-2021-36948,Microsoft,Windows,Unknown,
CVE-2021-38649,Microsoft,Open Management Infrastructure (OMI),Unknown,
CVE-2020-0688,Microsoft,Exchange Server,Known,CWE-287
CVE-2017-0143,Microsoft,Windows,Known,CWE-20
CVE-2016-7255,Microsoft,Win32k,Unknown,CWE-264
CVE-2019-0708,Microsoft,Remote Desktop Services,Unknown,CWE-416
CVE-2021-34473,Microsoft,Exchange Server,Known,CWE-918
CVE-2020-1464,Microsoft,Windows,Unknown,CWE-347
CVE-2021-1732,Microsoft,Win32k,Known,CWE-787
CVE-2021-34527,Microsoft,Windows,Known,CWE-269
CVE-2021-31207,Microsoft,Exchange Server,Known,"CWE-20, CWE-434"
CVE-2019-0803,Microsoft,Win32k,Unknown,
CVE-2020-1040,Microsoft,Hyper-V RemoteFX,Unknown,CWE-20
CVE-2021-28310,Microsoft,Win32k,Unknown,CWE-787
CVE-2020-1350,Microsoft,Windows,Unknown,
CVE-2021-26411,Microsoft,Internet Explorer,Known,CWE-416
CVE-2019-0859,Microsoft,Win32k,Unknown,
CVE-2021-40444,Microsoft,MSHTML,Known,CWE-22
CVE-2017-8759,Microsoft,.NET Framework,Unknown,CWE-20
CVE-2018-8653,Microsoft,Internet Explorer,Unknown,CWE-787
CVE-2019-0797,Microsoft,Win32k,Unknown,
CVE-2021-36942,Microsoft,Windows,Known,CWE-749
CVE-2019-1215,Microsoft,Windows,Known,
CVE-2018-0798,Microsoft,Office,Unknown,CWE-787
CVE-2018-0802,Microsoft,Office,Unknown,CWE-787
CVE-2012-0158,Microsoft,MSCOMCTL.OCX,Unknown,CWE-94
CVE-2015-1641,Microsoft,Office,Unknown,CWE-399
CVE-2021-27085,Microsoft,Internet Explorer,Unknown,
CVE-2019-0541,Microsoft,MSHTML,Unknown,CWE-77
CVE-2017-11882,Microsoft,Office,Known,CWE-119
CVE-2020-0674,Microsoft,Internet Explorer,Unknown,CWE-416
CVE-2021-27059,Microsoft,Office,Unknown,
CVE-2019-1367,Microsoft,Internet Explorer,Known,CWE-787
CVE-2017-0199,Microsoft,Office and WordPad,Known,
CVE-2020-1380,Microsoft,Internet Explorer,Unknown,CWE-787
CVE-2019-1429,Microsoft,Internet Explorer,Unknown,"CWE-416, CWE-787"
CVE-2017-11774,Microsoft,Office,Unknown,CWE-119
CVE-2020-0968,Microsoft,Internet Explorer,Unknown,CWE-787
CVE-2020-1472,Microsoft,Netlogon,Known,CWE-330
CVE-2021-26855,Microsoft,Exchange Server,Known,CWE-918
CVE-2021-26858,Microsoft,Exchange Server,Known,
CVE-2021-27065,Microsoft,Exchange Server,Known,CWE-39
CVE-2020-1054,Microsoft,Win32k,Unknown,CWE-787
CVE-2021-1675,Microsoft,Windows,Known,CWE-285
CVE-2021-34448,Microsoft,Windows,Unknown,CWE-787
CVE-2020-0601,Microsoft,Windows,Unknown,CWE-295
CVE-2019-0604,Microsoft,SharePoint,Known,CWE-20
CVE-2020-0646,Microsoft,.NET Framework,Unknown,CWE-91
CVE-2019-0808,Microsoft,Win32k,Unknown,
CVE-2021-26857,Microsoft,Exchange Server,Known,CWE-502
CVE-2020-1147,Microsoft,".NET Framework, SharePoint, Visual Studio",Unknown,
CVE-2019-1214,Microsoft,Windows,Unknown,
CVE-2016-3235,Microsoft,Office,Unknown,CWE-264
CVE-2019-0863,Microsoft,Windows,Unknown,
CVE-2021-36955,Microsoft,Windows,Known,
CVE-2021-38648,Microsoft,Open Management Infrastructure (OMI),Unknown,CWE-1390
CVE-2020-6819,Mozilla,Firefox and Thunderbird,Unknown,"CWE-362, CWE-416"
CVE-2020-6820,Mozilla,Firefox and Thunderbird,Unknown,CWE-362
CVE-2019-17026,Mozilla,Firefox and Thunderbird,Unknown,CWE-843
CVE-2019-15949,Nagios,Nagios XI,Unknown,CWE-78
CVE-2020-26919,NETGEAR,JGS516PE Devices,Unknown,
CVE-2019-19356,Netis,WF2419 Devices,Unknown,CWE-78
CVE-2020-2555,Oracle,Multiple Products,Unknown,CWE-502
CVE-2012-3152,Oracle,Fusion Middleware,Unknown,
CVE-2020-14871,Oracle,Solaris and Zettabyte File System (ZFS),Unknown,CWE-787
CVE-2015-4852,Oracle,WebLogic Server,Unknown,CWE-502
CVE-2020-14750,Oracle,WebLogic Server,Unknown,
CVE-2020-14882,Oracle,WebLogic Server,Unknown,
CVE-2020-14883,Oracle,WebLogic Server,Unknown,
CVE-2020-8644,PlaySMS,PlaySMS,Unknown,CWE-94
CVE-2019-18935,Progress,Telerik UI for ASP.NET AJAX,Known,CWE-502
CVE-2021-22893,Ivanti,Pulse Connect Secure,Known,CWE-287
CVE-2020-8243,Ivanti,Pulse Connect Secure,Unknown,CWE-94
CVE-2021-22900,Ivanti,Pulse Connect Secure,Unknown,CWE-94
CVE-2021-22894,Ivanti,Pulse Connect Secure,Unknown,CWE-94
CVE-2020-8260,Ivanti,Pulse Connect Secure,Unknown,CWE-434
CVE-2021-22899,Ivanti,Pulse Connect Secure,Unknown,CWE-77
CVE-2019-11510,Ivanti,Pulse Connect Secure,Known,CWE-22
CVE-2019-11539,Ivanti,Pulse Connect Secure and Pulse Policy Secure,Known,CWE-78
CVE-2021-1906,Qualcomm,Multiple Chipsets,Unknown,CWE-390
CVE-2021-1905,Qualcomm,Multiple Chipsets,Unknown,CWE-416
CVE-2020-10221,rConfig,rConfig,Unknown,CWE-78
CVE-2021-35395,Realtek,AP-Router SDK,Unknown,"CWE-20, CWE-122"
CVE-2017-16651,Roundcube,Roundcube Webmail,Unknown,CWE-552
CVE-2020-11652,SaltStack,Salt,Unknown,CWE-22
CVE-2020-11651,SaltStack,Salt,Unknown,
CVE-2020-16846,SaltStack,Salt,Unknown,CWE-78
CVE-2018-2380,SAP,Customer Relationship Management (CRM),Known,CWE-22
CVE-2010-5326,SAP,NetWeaver,Unknown,
CVE-2016-9563,SAP,NetWeaver,Unknown,CWE-611
CVE-2020-6287,SAP,NetWeaver,Unknown,CWE-306
CVE-2020-6207,SAP,Solution Manager,Unknown,CWE-306
CVE-2016-3976,SAP,NetWeaver,Unknown,CWE-22
CVE-2019-16256,SIMalliance,Toolbox Browser,Unknown,
CVE-2020-10148,SolarWinds,Orion,Unknown,CWE-288
CVE-2021-35211,SolarWinds,Serv-U,Known,CWE-787
CVE-2016-3643,SolarWinds,Virtualization Manager,Unknown,CWE-264
CVE-2020-10199,Sonatype,Nexus Repository,Unknown,CWE-917
CVE-2021-20021,SonicWall,SonicWall Email Security,Known,CWE-306
CVE-2019-7481,SonicWall,SMA100,Known,CWE-89
CVE-2021-20022,SonicWall,SonicWall Email Security,Known,CWE-434
CVE-2021-20023,SonicWall,SonicWall Email Security,Known,CWE-22
CVE-2021-20016,SonicWall,SSLVPN SMA100,Known,CWE-89
CVE-2020-12271,Sophos,SFOS,Known,CWE-89
CVE-2020-10181,Sumavision,Enhanced Multimedia Router (EMR),Unknown,CWE-352
CVE-2017-6327,Symantec,Symantec Messaging Gateway,Unknown,CWE-20
CVE-2019-18988,TeamViewer,Desktop,Unknown,CWE-521
CVE-2017-9248,Progress,ASP.NET AJAX and Sitefinity,Unknown,CWE-522
CVE-2021-31755,Tenda,AC11 Router,Unknown,CWE-787
CVE-2020-10987,Tenda,AC1900 Router AC15 Model,Unknown,CWE-78
CVE-2018-14558,Tenda,"AC7, AC9, and AC10 Routers",Unknown,CWE-78
CVE-2018-20062,ThinkPHP,noneCms,Unknown,CWE-20
CVE-2019-9082,ThinkPHP,ThinkPHP,Unknown,"CWE-306, CWE-94"
CVE-2019-18187,Trend Micro,OfficeScan,Unknown,CWE-22
CVE-2020-8467,Trend Micro,Apex One and OfficeScan,Unknown,
CVE-2020-8468,Trend Micro,"Apex One, OfficeScan and Worry-Free Business Security Agents",Unknown,CWE-74
CVE-2020-24557,Trend Micro,"Apex One, OfficeScan, and Worry-Free Business Security",Unknown,
CVE-2020-8599,Trend Micro,Apex One and OfficeScan,Unknown,
CVE-2021-36742,Trend Micro,"Apex One, Apex One as a Service, and Worry-Free Business Security",Unknown,CWE-20
CVE-2021-36741,Trend Micro,"Apex One, Apex One as a Service, and Worry-Free Business Security",Unknown,CWE-22
CVE-2019-20085,TVT,NVMS-1000,Unknown,CWE-22
CVE-2020-5849,Unraid,Unraid,Unknown,"CWE-287, CWE-697"
CVE-2020-5847,Unraid,Unraid,Unknown,
CVE-2019-16759,vBulletin,vBulletin,Unknown,CWE-94
CVE-2020-17496,vBulletin,vBulletin,Unknown,CWE-74
CVE-2019-5544,VMware,VMware ESXi and Horizon DaaS,Known,CWE-787
CVE-2020-3992,VMware,ESXi,Known,CWE-416
CVE-2020-3950,VMware,Multiple Products,Unknown,CWE-269
CVE-2021-22005,VMware,vCenter Server,Known,CWE-23
CVE-2020-3952,VMware,vCenter Server,Unknown,CWE-306
CVE-2021-21972,VMware,vCenter Server,Known,CWE-23
CVE-2021-21985,VMware,vCenter Server,Known,"CWE-20, CWE-470, CWE-918"
CVE-2020-4006,VMware,Multiple Products,Unknown,CWE-78
CVE-2020-25213,WordPress,File Manager Plugin,Unknown,CWE-434
CVE-2020-11738,WordPress,Snap Creek Duplicator Plugin,Unknown,CWE-22
CVE-2019-9978,WordPress,Social Warfare Plugin,Unknown,CWE-79
CVE-2021-27561,Yealink,Device Management,Unknown,CWE-78
CVE-2021-40539,Zoho,ManageEngine,Known,CWE-55
CVE-2020-10189,Zoho,ManageEngine,Unknown,CWE-502
CVE-2019-8394,Zoho,ManageEngine,Unknown,CWE-434
CVE-2020-29583,Zyxel,Multiple Products,Unknown,CWE-522
