Disclosure Date,CVE_ID
2018-08-05,CVE-2018-0824
2022-11-22,CVE-2022-29845
2022-11-22,CVE-2022-29846
2022-11-22,CVE-2022-29847
2022-11-22,CVE-2022-29848
2022-11-16,cve-2022-41622
2022-11-16,cve-2022-41800
2022-04-15,CVE-2022-22948
2020-12-02,CVE-2020-8539
2014-02-05,CVE-2014-0497
2014-02-05,cve-2014-0497
2014-10-14,CVE-2014-0569
2014-10-14,cve-2014-0569
2014-09-23,CVE-2014-0556
2014-09-23,cve-2014-0556
2014-04-14,CVE-2015-0359
2014-04-14,cve-2015-0359
2013-12-10,CVE-2013-5331
2013-12-10,cve-2013-5331
2014-11-25,CVE-2015-0318
2014-11-25,cve-2015-0318
2013-02-08,CVE-2013-0634
2013-02-08,cve-2013-0634
2014-11-11,CVE-2014-8440
2014-11-11,cve-2014-8440
2015-02-02,CVE-2015-0313
2015-02-02,cve-2015-0313
2019-03-21,CVE-2019-5786
2019-03-21,cve-2019-5786
2017-01-21,CVE-2017-3823
2013-09-17,cve-2013-3893
2010-10-12,cve-2010-3563
2014-12-16,cve-2014-4936
2013-03-12,cve-2013-0074
2014-11-13,CVE-2014-6332
2014-11-13,cve-2014-6332
2021-06-08,CVE-2021-1675
2021-06-08,CVE-2021-34527
2010-09-07,cve-2010-2883
2010-06-04,CVE-2010-1297
2010-03-29,CVE-2010-1240
2011-12-06,cve-2011-2462
2007-06-19,CVE-2007-3314
2011-08-08,CVE-2011-0257
2012-05-15,cve-2012-0663
2012-05-15,cve-2012-0664
2017-06-13,CVE-2015-0096
2017-06-13,CVE-2017-8464
2017-06-13,cve-2017-8464
2018-04-20,CVE-2018-9948
2023-07-26,cve-2023-34634
2010-06-08,CVE-2010-0822
2011-08-09,CVE-2011-0105
2012-01-10,CVE-2012-0013
2014-04-01,cve-2014-1761
2014-10-14,CVE-2014-4114
2014-10-14,cve-2014-4114
2014-11-12,CVE-2014-4114
2014-10-21,CVE-2014-6352
2015-03-10,CVE-2015-0096
2013-11-05,CVE-2013-3906
2013-11-05,cve-2013-3906
2017-11-15,CVE-2017-11882
2008-04-17,CVE-2008-0320
2014-02-05,CVE-2014-0980
2023-09-13,CVE-2023-38146
2023-08-23,CVE-2023-38831
2023-08-23,cve-2023-38831
2022-06-28,cve-2022-2143
2021-02-09,cve-2021-22652
2015-08-19,CVE-2015-1830
2018-04-25,cve-2018-1335
2017-07-20,CVE-2018-15811
2017-07-20,CVE-2018-15812
2012-10-16,cve-1012-5358
2012-10-16,cve-2012-5357
2021-12-09,CVE-2021-42321
2021-12-09,CVE-2022-23277
2021-12-09,cve-2021-42321
2021-12-09,cve-2022-23277
2021-01-12,CVE-2020-16875
2021-01-12,cve-2020-16875
2020-02-11,cve-2020-0688
2021-03-02,CVE-2021-26855
2021-03-02,CVE-2021-27065
2021-03-02,cve-2021-26855
2022-09-28,CVE-2022-41040
2022-09-28,CVE-2022-41082
2021-04-06,CVE-2021-31207
2021-04-06,CVE-2021-34473
2021-04-06,CVE-2021-34523
2024-04-21,CVE-2023-48788
2024-04-21,cve-2023-48788
2021-02-26,cve-2021-3378
2020-11-04,CVE-2020-27955
2020-11-04,cve-2020-27955
2020-12-15,cve-2020-7200
2010-06-16,CVE-2010-1961
2010-06-16,CVE-2010-1964
2010-06-16,cve-2010-1964
2023-04-24,cve-2023-28128
2024-05-24,CVE-2024-29824
2024-05-24,cve-2024-29824
2023-08-04,CVE-2023-40504
2021-10-01,CVE-2021-42847
2022-06-29,CVE-2022-28219
2022-06-29,cve-2022-28219
2023-04-12,CVE-2023-29084
2023-04-12,cve-2023-29084
2021-09-07,CVE-2021-40539
2021-09-07,cve-2021-40539
2022-04-09,CVE-2022-28810
2022-04-09,cve-2022-28810
2015-12-14,cve-2015-8249
2023-01-10,CVE-2022-47966
2023-01-10,cve-2022-47966
2021-09-16,CVE-2021-44077
2021-09-16,cve-2021-44077
2023-05-31,CVE-2023-34362
2023-05-31,cve-2023-34362
2016-02-04,CVE-2023-38096
2016-02-04,CVE-2023-38098
2024-03-28,cve-2024-3116
2024-06-06,CVE-2024-4577
2024-06-06,cve-2024-4577
2020-05-07,cve-2020-5741
2023-08-09,CVE-2023-32781
2023-05-01,CVE-2023-24955
2023-05-01,CVE-2023-29357
2023-05-01,cve-2023-24955
2023-05-01,cve-2023-29357
2020-10-13,CVE-2020-16952
2020-10-13,cve-2020-16952
2021-05-11,cve-2021-31181
2020-03-02,cve-2020-0646
2025-01-06,CVE-2025-27218
2025-01-06,cve-2025-27218
2019-04-17,CVE-2019-7214
2022-07-27,CVE-2022-1373
2022-07-27,CVE-2022-2334
2020-02-11,cve-2020-0618
2019-12-09,CVE-2017-11317
2019-12-09,CVE-2019-18935
2019-12-09,cve-2019-18935
2024-06-04,CVE-2024-1800
2024-06-04,CVE-2024-4358
2024-06-04,cve-2024-1800
2024-06-04,cve-2024-4358
2019-04-10,cve-2019-0232
2023-09-27,cve-2023-40044
2022-06-24,cve-2022-35405
2017-03-26,cve-2017-7269
2018-08-27,CVE-2018-8440
2020-08-05,CVE-2020-3153
2020-08-05,CVE-2020-3433
2020-08-05,CVE-2020-3434
2019-04-09,CVE-2019-0841
2019-04-09,cve-2019-0841
2019-11-12,CVE-2019-1322
2019-11-12,CVE-2019-1405
2019-11-12,cve-2019-1322
2019-11-12,cve-2019-1405
2017-06-13,CVE-2015-0096
2017-06-13,CVE-2017-8464
2017-06-13,cve-2017-8464
2018-10-09,CVE-2018-8453
2018-10-09,cve-2018-8453
2019-12-10,CVE-2019-1458
2019-12-10,cve-2019-1458
2020-02-11,CVE-2020-0668
2020-02-11,cve-2020-0668
2020-03-10,CVE-2020-0787
2020-03-10,cve-2020-0688
2020-03-10,cve-2020-0787
2020-03-13,CVE-2020-0796
2019-11-04,CVE-2020-1048
2019-11-04,cve-2020-1048
2020-02-20,CVE-2020-1054
2020-02-20,cve-2020-1054
2019-11-04,CVE-2020-1313
2019-11-04,cve-2020-1313
2019-11-04,CVE-2020-1337
2019-11-04,cve-2020-1337
2020-03-10,CVE-2020-1170
2020-03-10,CVE-2020-17136
2021-05-04,CVE-2021-21551
2021-05-04,cve-2021-21551
2021-10-12,CVE-2021-40449
2021-02-09,CVE-2021-1732
2021-02-09,CVE-2022-21882
2021-02-09,cve-2016-7255
2021-02-09,cve-2021-1732
2022-02-08,CVE-2022-21999
2022-02-08,cve-2022-22718
2022-03-17,CVE-2021-34484
2022-03-17,CVE-2022-21919
2022-03-17,CVE-2022-26904
2022-11-09,CVE-2022-3699
2023-01-10,CVE-2023-21768
2023-04-11,CVE-2023-28252
2024-12-19,CVE-2024-30085
2024-12-19,cve-2024-30085
2024-06-11,CVE-2024-30088
2024-06-11,CVE-2024-35250
2020-02-25,CVE-2019-3999
2020-02-25,CVE-2020-5752
2018-05-08,CVE-2018-8897
2018-05-08,cve-2018-8897
2010-01-19,CVE-2010-0232
2013-12-01,cve-2013-1300
2013-10-08,cve-2013-3881
2013-12-10,CVE-2013-5045
2014-02-11,CVE-2014-0257
2014-10-14,CVE-2014-4113
2014-10-14,cve-2014-4113
2015-01-13,CVE-2015-0016
2015-01-13,cve-2015-0016
2015-05-12,CVE-2015-1701
2015-05-12,cve-2015-1701
2015-07-11,CVE-2015-2426
2015-07-11,cve-2015-2426
2015-12-04,CVE-2016-0040
2015-12-04,cve-2016-0040
2016-02-09,cve-2016-0051
2016-03-21,CVE-2016-0099
2016-01-16,cve-2014-4113
2016-01-16,cve-2014-4113
2018-05-09,CVE-2018-8120
2018-05-09,cve-2018-8120
2013-11-27,cve-2013-5065
2019-03-12,CVE-2019-0808
2019-03-12,cve-2019-0808
2012-12-25,CVE-2013-0109
2013-05-15,cve-2013-3660
2017-03-22,cve-2017-9769
2020-01-22,cve-2019-19363
2012-10-15,CVE-2025-21293
2023-07-11,CVE-2023-36874
2023-07-11,cve-2023-36874
2023-05-17,cve-2023-1133
2012-03-12,cve-2012-0124
2023-06-07,CVE-2023-28324
2022-10-19,cve-2022-38108
2010-04-13,cve-2010-0478
2020-02-05,CVE-2020-8010
2012-11-16,cve-2012-4959
2019-05-14,CVE-2019-0708
2019-05-14,cve-2019-0708
2021-07-07,cve-2020-7387
2024-05-06,CVE-2024-4548
2022-09-22,CVE-2023-28384
2024-11-21,CVE-2024-47407
2020-03-13,CVE-2020-0796
2020-03-13,cve-2020-0796
2015-03-10,CVE-2015-0096
2018-05-15,CVE-2018-1111
2021-05-24,CVE-2021-22204
2017-04-27,CVE-2017-8291
2018-08-07,CVE-2017-16894
2018-08-07,CVE-2018-15133
2022-02-23,CVE-2021-41282
2020-05-10,CVE-2020-11108
2020-05-10,cve-2020-11108
2020-03-28,cve-2020-8816
2023-11-28,cve-2023-46214
2014-10-09,CVE-2014-7236
2017-09-01,CVE-2017-17105
2016-03-10,CVE-2016-1531
2020-02-24,CVE-2020-8794
2006-06-06,cve-2006-2447
2010-12-07,CVE-2010-4345
2020-02-02,CVE-2020-9015
2020-02-02,cve-2020-9015
2020-02-17,CVE-2020-16152
2024-08-15,CVE-2024-45256
2024-08-15,CVE-2024-45257
2024-10-27,CVE-2024-51378
2024-10-27,CVE-2024-51567
2024-10-27,CVE-2024-51568
2024-10-27,cve-2024-51378
2024-10-27,cve-2024-51567
2024-10-27,cve-2024-51568
2018-03-28,CVE-2018-7600
2019-02-26,cve-2019-9194
2012-12-03,CVE-2012-6330
2013-06-27,cve-2014-1691
2018-10-09,CVE-2018-9206
2013-10-30,cve-2013-3632
2010-10-12,CVE-2010-3585
2017-09-29,cve-2017-6090
2009-03-24,cve-2009-1151
2019-10-28,cve-2019-16662
2019-10-28,cve-2019-16663
2012-12-15,CVE-2012-6329
2024-09-10,CVE-2024-8503
2014-09-25,cve-2014-6446
2017-05-03,CVE-2016-10033
2017-06-19,CVE-2017-3629
2017-06-19,CVE-2017-3630
2017-06-19,CVE-2017-3631
2017-06-19,cve-2017-3629
2020-10-20,cve-2020-18471
2016-04-27,CVE-2016-4117
2016-04-27,cve-2016-4117
2021-03-25,CVE-2021-30657
2021-03-25,CVE-2022-22616
2011-10-12,cve-2011-3230
2020-03-18,CVE-2020-9801
2020-03-18,CVE-2020-9850
2020-03-18,CVE-2020-9856
2018-03-15,CVE-2018-4233
2018-03-15,CVE-2018-4404
2018-03-15,cve-2018-4233
2020-11-11,CVE-2020-25736
2020-11-11,cve-2020-25736
2020-03-18,CVE-2020-9839
2019-04-13,CVE-2019-8565
2014-09-24,CVE-2014-4404
2018-03-15,CVE-2018-4237
2022-12-17,CVE-2022-46689
2015-04-09,CVE-2015-1130
2015-07-01,CVE-2015-3673
2013-02-28,CVE-2013-1775
2019-04-13,CVE-2019-8513
2019-04-13,cve-2019-8513
2019-12-11,CVE-2019-19726
2019-12-11,cve-2019-19726
2015-07-06,CVE-2015-5119
2015-06-23,CVE-2015-3043
2015-06-23,CVE-2015-3113
2015-06-23,cve-2015-3113
2015-03-12,CVE-2015-0336
2015-03-12,cve-2015-0336
2015-07-06,CVE-2015-5122
2015-07-06,cve-2015-5122
2014-04-28,CVE-2014-0515
2014-04-28,cve-2014-0515
2015-05-12,CVE-2015-3105
2015-05-12,cve-2015-3105
2015-05-12,CVE-2015-3090
2015-05-12,cve-2015-3090
2014-04-28,CVE-2015-0311
2014-04-28,cve-2015-0311
2019-03-07,cve-2019-5825
2020-02-19,cve-2020-6418
2018-09-25,CVE-2019-1458
2020-11-18,CVE-2020-26950
2020-11-18,cve-2020-26950
2015-03-31,CVE-2015-0802
2013-08-06,CVE-2012-3993
2013-08-06,CVE-2013-1710
2014-01-20,cve-2014-8636
2013-01-08,CVE-2013-0757
2013-01-08,CVE-2013-0758
2013-01-08,cve-2013-0758
2013-05-14,CVE-2013-1670
2013-05-14,CVE-2013-1710
2015-02-11,cve-2015-1427
2017-07-13,CVE-2017-1000083
2017-07-13,cve-2017-1000083
2024-03-14,CVE-2024-29510
2024-03-14,cve-2024-29510
2019-07-16,CVE-2018-16858
2019-07-16,CVE-2019-9848
2019-07-16,cve-2019-9848
2019-07-16,cve-2019-9851
2018-10-18,CVE-2018-16858
2018-10-18,cve-2018-16858
2016-06-23,cve-2016-5641
2022-11-08,cve-2022-3405
2016-06-01,CVE-2016-3088
2020-12-07,CVE-2022-24112
2022-10-13,cve-2022-42889
2022-01-21,CVE-2022-24706
2016-03-06,CVE-2016-0709
2016-03-06,CVE-2016-0710
2014-09-24,CVE-2014-6271
2014-09-24,CVE-2014-6278
2021-05-10,CVE-2021-41773
2021-05-10,CVE-2021-42013
2021-05-10,cve-2021-41773
2024-05-30,CVE-2024-32113
2024-05-30,CVE-2024-38856
2023-05-23,CVE-2023-33246
2022-06-02,CVE-2022-26134
2022-06-02,cve-2022-26134
2023-10-04,CVE-2023-22515
2023-10-04,cve-2023-22515
2024-01-16,CVE-2023-22527
2024-01-16,cve-2023-22527
2024-05-21,CVE-2024-21683
2024-05-21,cve-2024-21683
2023-10-31,CVE-2023-22518
2021-08-25,cve-2021-26084
2024-04-09,cve-2024-31819
2022-11-16,cve-2022-43781
2024-05-12,CVE-2024-25641
2023-12-20,CVE-2023-49084
2023-12-20,CVE-2023-49085
2019-06-26,CVE-2019-1619
2019-06-26,CVE-2019-1622
2024-12-09,CVE-2024-55956
2024-12-09,cve-2024-50623
2024-12-09,cve-2024-55956
2022-10-31,CVE-2022-40471
2021-04-13,CVE-2020-35846
2021-04-13,CVE-2020-35847
2019-03-25,CVE-2019-3396
2024-02-19,CVE-2024-1708
2023-08-08,CVE-2023-43177
2023-08-08,cve-2023-43177
2014-09-24,CVE-2014-6271
2014-09-24,CVE-2014-6278
2021-06-29,cve-2021-35464
2023-07-13,CVE-2023-38836
2014-10-15,cve-2014-3704
2024-01-22,CVE-2024-0204
2024-01-22,cve-2024-0204
2023-02-01,CVE-2023-0669
2023-02-01,cve-2023-0669
2024-07-01,CVE-2024-36401
2024-07-01,cve-2024-36401
2024-03-18,cve-2024-24725
2020-10-07,cve-2020-14144
2021-04-14,CVE-2021-22204
2021-04-14,cve-2021-22205
2022-10-06,CVE-2022-2992
2014-12-18,CVE-2014-9390
2014-12-18,cve-2014-9390
2017-08-10,CVE-2017-1000117
2018-10-05,CVE-2018-17456
2013-09-12,cve-2013-5696
2020-10-07,cve-2020-14144
2012-02-13,cve-2012-0209
2007-02-20,CVE-2010-0738
2010-08-05,cve-2010-1871
2019-01-08,CVE-2018-1000408
2019-01-08,cve-2019-1003000
2016-02-24,CVE-2016-0792
2023-09-19,cve-2023-42793
2024-03-04,cve-2024-27198
2024-03-04,cve-2024-27199
2015-12-14,CVE-2015-6835
2019-11-25,cve-2020-7961
2021-12-09,CVE-2021-44228
2023-01-10,CVE-2022-47966
2023-01-10,cve-2022-47966
2023-01-10,CVE-2022-47966
2023-01-10,cve-2022-47966
2014-01-28,cve-2014-1610
2023-10-25,CVE-2023-37679
2023-10-25,CVE-2023-43208
2023-10-25,cve-2023-43208
2013-10-30,CVE-2021-21809
2021-06-22,CVE-2013-3630
2020-07-20,CVE-2020-14321
2013-01-07,CVE-2013-0209
2022-03-09,CVE-2022-24734
2019-10-20,cve-2019-16278
2023-05-26,CVE-2023-32315
2023-05-26,cve-2023-32315
2019-02-04,CVE-2018-19276
2019-02-04,cve-2018-19276
2021-07-26,CVE-2020-28653
2021-07-26,CVE-2021-3287
2022-01-19,CVE-2020-2883
2022-01-19,CVE-2021-35587
2022-01-19,cve-2021-35587
2014-01-15,CVE-2012-3152
2014-01-15,CVE-2012-3153
2017-10-19,CVE-2017-10271
2023-03-13,cve-2023-27350
2023-04-04,CVE-2022-43769
2023-04-04,CVE-2022-43939
2023-04-04,cve-2022-43769
2025-04-03,CVE-2025-2945
2016-12-26,CVE-2016-10033
2012-05-03,cve-2012-1823
2020-02-05,cve-2020-8644
2016-02-15,CVE-2017-1000486
2016-02-15,cve-2017-1000486
2020-11-21,CVE-2015-3884
2019-03-13,CVE-2019-5420
2016-10-16,CVE-2016-0752
2016-10-16,cve-2016-0752
2013-01-28,CVE-2013-0156
2013-01-28,cve-2013-0156
2013-01-07,cve-2013-0156
2023-06-16,CVE-2023-30625
2011-11-10,CVE-2011-3829
2011-11-10,CVE-2011-3833
2023-07-12,CVE-2023-34124
2023-07-12,CVE-2023-34132
2023-07-12,CVE-2023-34133
2023-06-01,CVE-2023-32707
2023-06-01,cve-2023-32707
2022-03-29,cve-2022-22963
2022-03-31,cve-2022-22965
2020-09-14,CVE-2019-0230
2020-09-14,CVE-2020-17530
2018-08-22,CVE-2018-11776
2017-09-05,CVE-2017-9805
2011-10-01,cve-2011-3923
2025-03-10,CVE-2025-24813
2023-10-03,CVE-2022-1471
2023-10-03,CVE-2023-43654
2023-10-03,cve-2022-1471
2023-10-03,cve-2023-43654
2017-04-10,CVE-2016-7547
2017-04-10,CVE-2016-7552
2020-08-09,CVE-2019-16759
2021-12-09,cve-2021-44228
2014-03-05,cve-2014-2268
2014-03-05,cve-2014-2269
2020-10-20,cve-2020-14882
2024-02-19,CVE-2024-25600
2021-10-21,CVE-2021-39352
2020-05-11,CVE-2020-12800
2020-09-09,CVE-2020-25213
2024-08-25,CVE-2024-5932
2024-08-25,CVE-2024-8353
2024-08-25,cve-2024-5932
2024-11-14,CVE-2024-10924
2023-11-23,CVE-2023-5360
2024-11-15,CVE-2024-8856
2022-04-01,CVE-2022-29464
2023-01-17,CVE-2023-21839
2023-01-17,CVE-2023-21931
2016-09-23,CVE-2017-6516
2018-10-25,cve-2018-14665
2018-10-25,cve-2018-14665
2023-10-27,CVE-2023-46604
2023-10-27,cve-2023-46604
2016-03-16,cve-2016-1542
2016-03-16,cve-2016-1543
2024-07-31,CVE-2024-6782
2022-11-22,CVE-2022-41034
2019-04-23,cve-2019-2725
2020-01-15,CVE-2020-2555
2020-01-15,cve-2020-2555
2007-05-14,CVE-2007-2447
2020-10-03,CVE-2020-6207
2022-06-28,CVE-2022-30333
2022-06-28,cve-2022-30333
2024-07-24,cve-2023-45249
2015-12-01,CVE-2014-6271
2020-07-14,CVE-2020-11978
2020-07-14,CVE-2020-13927
2016-04-06,CVE-2017-12635
2016-04-06,CVE-2017-12636
2021-01-21,cve-2021-25646
2024-04-22,CVE-2024-27348
2020-07-13,CVE-2023-51467
2020-07-13,cve-2023-49070
2021-03-22,CVE-2021-26295
2024-02-24,CVE-2023-50386
2022-07-18,cve-2022-33891
2023-09-06,CVE-2023-27524
2023-09-06,cve-2023-27524
2023-09-06,cve-2023-39265
2025-03-25,CVE-2024-55963
2025-03-25,CVE-2024-55964
2025-03-25,cve-2024-55963
2020-08-09,CVE-2020-17505
2020-08-09,CVE-2020-17506
2024-03-05,cve-2024-2054
2014-05-09,cve-2014-1635
2024-12-16,CVE-2024-12356
2024-12-16,CVE-2025-1094
2024-12-16,cve-2024-12356
2022-08-24,cve-2022-36804
2022-12-05,CVE-2022-46169
2023-11-28,CVE-2023-4220
2023-11-28,CVE-2024-4220
2023-06-01,CVE-2023-34960
2023-06-01,cve-2023-34960
2022-06-22,CVE-2022-20828
2021-05-05,CVE-2021-1499
2021-11-02,CVE-2022-20705
2021-11-02,CVE-2022-20707
2021-04-07,CVE-2021-1472
2021-04-07,CVE-2021-1473
2019-08-21,CVE-2019-1936
2019-08-21,CVE-2019-1937
2023-01-05,CVE-2022-44877
2024-12-19,CVE-2024-56145
2025-02-05,CVE-2024-3408
2016-10-15,CVE-2024-6127
2020-02-06,CVE-2020-8656
2020-02-06,CVE-2020-8657
2020-02-06,CVE-2020-9465
2023-10-26,cve-2023-46747
2015-09-03,cve-2015-3628
2022-05-04,CVE-2022-1388
2021-03-10,CVE-2021-22986
2021-03-10,cve-2021-22986
2022-11-16,cve-2022-41622
2022-11-16,cve-2022-41800
2022-08-19,cve-2022-37061
2023-02-16,CVE-2022-39952
2023-02-16,cve-2022-39952
2022-10-10,cve-2022-40684
2021-07-08,CVE-2021-33544
2021-07-08,CVE-2021-33548
2021-07-08,CVE-2021-33550
2021-07-08,CVE-2021-33551
2021-07-08,CVE-2021-33552
2021-07-08,CVE-2021-33553
2021-07-08,CVE-2021-33554
2023-12-10,CVE-2023-50445
2023-12-10,CVE-2023-50919
2023-12-10,cve-2023-50445
2023-12-10,cve-2023-50919
2022-01-26,CVE-2022-35914
2017-12-18,CVE-2017-17562
2020-03-23,CVE-2019-10662
2020-03-23,CVE-2020-5722
2021-09-18,CVE-2021-36260
2020-04-21,cve-2020-4427
2020-04-21,cve-2020-4428
2020-04-21,cve-2020-4429
2020-04-21,cve-2020-4430
2024-12-13,cve-2024-55555
2024-12-13,cve-2024-55556
2014-09-29,CVE-2014-6271
2024-01-10,CVE-2023-46805
2024-01-10,CVE-2024-21887
2024-01-10,cve-2023-46805
2024-01-10,cve-2024-21887
2024-01-31,CVE-2023-36661
2024-01-31,CVE-2023-46805
2024-01-31,CVE-2024-21887
2024-01-31,CVE-2024-21888
2024-01-31,CVE-2024-21893
2024-01-31,cve-2023-46805
2024-01-31,cve-2024-21893
2024-10-08,CVE-2024-37404
2024-10-08,cve-2024-37404
2021-12-02,cve-2021-44529
2023-08-21,CVE-2023-38035
2023-08-21,cve-2023-38035
2023-09-27,CVE-2023-52251
2023-09-27,cve-2023-52251
2019-10-30,CVE-2019-7609
2019-10-30,cve-2019-7609
2023-03-13,CVE-2023-26067
2023-03-13,CVE-2023-26068
2018-12-16,cve-2018-20434
2024-11-15,CVE-2024-51092
2019-10-29,cve-2019-7256
2021-01-15,cve-2021-21307
2024-07-26,CVE-2024-2961
2024-07-26,CVE-2024-34102
2024-07-26,cve-2024-2961
2023-06-26,cve-2023-30258
2023-12-15,CVE-2023-50917
2023-12-15,cve-2023-50917
2021-12-12,CVE-2021-44228
2021-12-12,cve-2021-44228
2020-09-12,CVE-2020-15505
2024-08-27,CVE-2024-43425
2021-07-15,CVE-2021-37343
2021-02-13,CVE-2021-25296
2021-02-13,CVE-2021-25297
2021-02-13,CVE-2021-25298
2020-10-20,CVE-2020-5791
2020-12-19,CVE-2020-35578
2025-01-30,CVE-2024-46506
2025-01-30,cve-2024-46506
2016-12-06,CVE-2016-582384
2016-02-25,CVE-2016-1555
2024-01-11,cve-2024-22729
2024-12-27,CVE-2024-48455
2024-12-27,CVE-2024-48456
2024-12-27,CVE-2024-48457
2024-12-27,cve-2024-48455
2024-12-27,cve-2024-48456
2024-12-27,cve-2024-48457
2020-03-31,CVE-2020-10199
2024-03-15,CVE-2024-28254
2024-03-15,CVE-2024-28255
2024-03-15,cve-2024-28255
2023-07-01,CVE-2023-0872
2023-07-01,CVE-2023-40315
2023-07-01,CVE-2023-25826
2023-07-01,CVE-2023-36812
2020-11-18,CVE-2020-35476
2019-11-05,cve-2019-7276
2022-10-01,CVE-2022-21587
2022-10-01,cve-2022-21587
2024-10-09,CVE-2024-5910
2024-10-09,CVE-2024-9464
2024-10-09,cve-2024-5910
2024-10-09,cve-2024-9464
2024-11-21,CVE-2024-11320
2024-11-21,cve-2024-11320
2025-03-17,CVE-2024-12971
2025-03-17,cve-2024-12971
2020-06-04,CVE-2020-13851
2024-11-18,CVE-2024-0012
2024-11-18,CVE-2024-9474
2024-11-18,cve-2024-0012
2024-11-18,cve-2024-9474
2020-09-09,CVE-2020-2038
2024-04-12,CVE-2024-3400
2024-04-12,cve-2024-3400
2024-04-23,CVE-2024-2389
2024-04-23,cve-2024-2389
2024-03-19,cve-2024-1212
2020-10-26,cve-2020-8260
2024-10-28,CVE-2024-28397
2024-10-28,CVE-2024-39205
2023-01-13,CVE-2023-0297
2024-02-13,cve-2023-47218
2024-03-16,CVE-2024-24578
2024-03-16,cve-2024-24578
2020-03-11,CVE-2019-19509
2020-03-11,CVE-2019-19585
2020-03-11,CVE-2020-10220
2022-07-06,cve-2022-3113
2020-11-03,CVE-2020-16846
2021-02-25,CVE-2021-25281
2021-02-25,cve-2021-25281
2017-03-14,CVE-2015-8279
2017-03-14,CVE-2017-16524
2021-12-14,cve-2021-20038
2021-12-14,cve-2021-20039
2020-09-18,cve-2020-25223
2022-02-18,CVE-2022-23642
2022-01-26,CVE-2022-22947
2022-01-26,cve-2022-22947
2021-04-28,CVE-2020-28320
2017-07-19,CVE-2017-11610
2022-08-31,CVE-2022-40022
2020-12-12,cve-2020-35665
2021-12-24,CVE-2021-45837
2021-12-24,CVE-2021-45839
2021-12-24,CVE-2021-45841
2021-12-24,CVE-2021-458439
2021-12-24,cve-2021-45837
2022-03-07,CVE-2022-24989
2022-03-07,CVE-2022-24990
2022-03-07,cve-2022-24990
2023-05-05,cve-2023-30013
2020-04-29,CVE-2020-12109
2020-04-29,CVE-2020-12110
2024-08-23,CVE-2024-24809
2024-08-23,CVE-2024-31214
2017-08-08,CVE-2017-12478
2020-02-10,cve-2020-5847
2020-02-10,cve-2020-5849
2022-10-25,cve-2021-39144
2021-09-21,cve-2021-22005
2021-05-25,CVE-2021-21985
2021-05-25,cve-2021-2021
2021-05-25,cve-2021-21985
2023-06-07,CVE-2023-20887
2023-06-07,cve-2023-20887
2021-03-30,CVE-2021-21975
2021-03-30,CVE-2021-21983
2021-03-30,cve-2021-21975
2022-04-06,CVE-2022-22954
2022-04-06,cve-2022-22954
2022-04-06,CVE-2022-22956
2022-04-06,CVE-2022-22957
2022-04-06,CVE-2022-22960
2022-04-06,cve-2022-22960
2022-08-29,CVE-2022-26318
2022-08-29,cve-2022-26318
2016-12-14,CVE-2016-10108
2016-12-14,CVE-2018-17153
2022-02-26,CVE-2022-0824
2022-07-26,cve-2022-36446
2017-10-29,CVE-2017-16666
2017-10-29,cve-2017-16666
2022-06-28,CVE-2015-1197
2022-06-28,CVE-2022-41352
2022-06-28,cve-2015-1197
2022-06-28,cve-2022-41352
2022-05-10,CVE-2022-27925
2022-06-28,CVE-2022-30333
2022-06-28,cve-2022-30333
2022-02-01,cve-2023-28770
2024-01-24,cve-2023-33012
2022-04-28,CVE-2022-30525
2022-04-28,cve-2022-30525
2015-04-14,CVE-2015-3315
2015-04-14,cve-2015-1862
2015-04-14,cve-2015-3315
2015-11-23,CVE-2015-5287
2015-11-23,cve-2015-5287
2016-08-12,CVE-2016-8655
2017-03-29,CVE-2017-7308
2017-03-29,cve-2017-7308
2015-03-31,cve-2015-1318
2016-05-04,CVE-2016-4557
2017-11-12,CVE-2017-16995
2017-11-12,cve-2017-16995
2021-05-11,CVE-2021-3490
2021-05-11,cve-2020-8835
2021-05-11,cve-2021-3490
2021-04-12,CVE-2021-3493
2021-09-14,CVE-2021-38648
2021-09-14,cve-2021-38647
2022-01-25,CVE-2021-4034
2022-01-25,cve-2021-4034
2022-02-20,CVE-2022-0847
2022-03-14,CVE-2022-0995
2022-03-14,cve-2022-0995
2022-03-22,CVE-2022-1043
2022-03-22,cve-2022-1043
2023-03-22,CVE-2023-0386
2023-03-22,cve-2023-0386
2022-02-04,CVE-2022-0492
2022-02-04,cve-2022-0492
2019-01-01,CVE-2019-5736
2019-01-01,cve-2018-5736
2019-01-01,cve-2019-5736
2019-06-05,CVE-2019-10149
2022-11-16,cve-2022-41622
2022-11-16,cve-2022-41800
2023-07-26,CVE-2021-3493
2023-07-26,CVE-2023-2640
2023-07-26,CVE-2023-32629
2010-10-18,CVE-2010-3847
2010-10-18,CVE-2010-3856
2010-10-18,CVE-2010-3847
2018-01-16,cve-2018-1000001
2023-10-03,CVE-2023-4911
2023-10-03,cve-2023-4911
2014-11-19,CVE-2014-2630
2014-11-19,cve-2014-2630
2011-08-13,CVE-2011-2921
2018-11-15,CVE-2018-18955
2018-11-15,cve-2018-18955
2022-02-07,CVE-2022-34918
2016-06-03,CVE-2016-4997
2021-07-07,CVE-2021-22555
2021-07-07,cve-2021-22555
2018-07-26,CVE-2018-10900
2017-01-05,CVE-2017-0358
2015-06-16,CVE-2015-1328
2015-06-16,CVE-2015-8660
2015-06-16,cve-2015-1328
2011-04-01,CVE-2011-1485
2024-03-19,CVE-2024-2389
2024-03-19,cve-2024-2389
2024-03-19,cve-2024-1212
2019-07-04,CVE-2019-13272
2018-11-01,CVE-2018-5333
2018-11-01,CVE-2019-9213
2018-11-01,cve-2018-5333
2010-10-20,CVE-2010-3904
2010-10-20,cve-2010-3904
2014-02-02,CVE-2014-0038
2024-01-31,CVE-2024-21626
2024-01-31,cve-2024-21626
2019-06-05,CVE-2019-12181
2019-06-05,cve-2019-12181
2023-01-18,CVE-2023-22809
2023-01-18,cve-2023-22809
2021-01-26,CVE-2021-3156
2021-01-26,cve-2021-3156
2010-11-17,cve-2010-4170
2016-10-10,CVE-2016-5425
2016-09-30,CVE-2016-1240
2022-09-13,CVE-2022-37706
2024-11-19,CVE-2024-48990
2017-08-10,CVE-2017-1000112
2017-08-10,cve-2017-1000112
2021-09-21,cve-2021-22015
2024-06-18,CVE-2024-37081
2013-08-22,cve-2013-1662
2022-08-02,CVE-2022-31660
2022-04-06,CVE-2022-22960
2022-01-28,CVE-2022-22942
2022-01-28,cve-2022-22942
2021-10-27,CVE-2022-37393
2022-06-14,CVE-2022-30525
2022-06-14,CVE-2022-30526
2020-07-31,CVE-2020-13151
2020-07-31,cve-2020-13151
2023-10-16,CVE-2023-20198
2023-10-16,CVE-2023-20273
2023-10-16,cve-2023-20198
2021-09-14,CVE-2021-38647
2021-09-14,cve-2021-38647
2024-10-23,cve-2024-47575
2015-11-18,CVE-2015-8103
2017-04-09,cve-2017-6553
2017-04-09,cve-2017-6554
2020-04-30,cve-2020-11651
2020-04-30,cve-2020-11652
2017-08-08,CVE-2017-12477
2023-03-31,cve-2023-28771
2022-02-18,CVE-2022-0543
2017-03-24,CVE-2017-7494
2015-01-27,CVE-2015-0235
2020-04-21,cve-2020-4427
2020-04-21,cve-2020-4428
2020-04-21,cve-2020-4429
2020-04-21,cve-2020-4430
2023-08-29,CVE-2023-34039
2023-08-29,cve-2023-34039
2018-11-05,CVE-2018-18556
2018-11-05,cve-2018-18556
2013-02-01,cve-2019-20215
2013-02-01,cve-2023-33625
2019-12-17,cve-2019-19781
2023-07-18,cve-2023-3519
2023-08-17,cve-2023-36844
2023-08-17,cve-2023-36845
2012-06-12,CVE-2012-0217
2012-06-12,cve-2012-0217
2020-07-07,CVE-2020-7457
2013-06-18,CVE-2013-2171
2016-08-25,CVE-2016-4669
2016-08-25,CVE-2018-4162
2018-03-15,CVE-2017-13861
2018-03-15,CVE-2018-4233
2018-03-15,cve-2018-4233
2019-09-26,CVE-2019-2215
2019-09-26,cve-2019-2215
2014-05-03,CVE-2014-3153
2017-07-31,CVE-2017-13156
2013-09-06,CVE-2013-6282
2018-10-25,cve-2018-14665
2017-01-21,CVE-2017-5154
2023-04-25,CVE-2023-27524
2023-04-25,cve-2023-27524
2024-03-12,CVE-2024-20767
2014-11-05,CVE-2014-6038
2014-11-05,CVE-2014-6039
2023-05-23,CVE-2023-2825
2023-05-23,cve-2023-2825
2020-03-30,CVE-2020-5723
2020-03-30,CVE-2020-5724
2017-09-23,cve-2017-7921
2023-04-08,CVE-2024-30851
2023-04-08,CVE-2024-30851
2024-01-24,CVE-2024-23897
2021-07-15,CVE-2021-28164
2021-07-15,CVE-2021-34429
2024-06-11,CVE-2024-34102
2024-10-19,CVE-2024-45309
2023-11-21,CVE-2023-49103
2023-11-21,cve-2023-49103
2023-04-21,CVE-2023-26876
2024-06-25,CVE-2024-5806
2024-06-25,cve-2024-5806
2022-08-18,cve-2021-36782
2020-04-30,cve-2020-11651
2020-04-30,cve-2020-11652
2024-08-22,CVE-2024-28987
2024-08-22,cve-2024-28987
2020-04-09,CVE-2020-3952
2022-02-28,CVE-2022-0739
Nov 17 2014,CVE-2014-7992
2015-07-10,cve-2015-2856
2015-07-10,cve-2015-2857
2014-12-17,CVE-2014-9222
2021-01-05,CVE-2020-17519
2014-09-24,CVE-2014-6271
2014-09-24,CVE-2014-6278
2021-05-10,CVE-2021-41773
2021-05-10,CVE-2021-42013
2021-05-10,cve-2021-41773
2023-10-25,cve-2023-4966
2019-12-17,CVE-2019-19781
2019-01-21,CVE-2019-0724
2022-02-25,CVE-2021-4191
2022-02-25,cve-2021-4191
2021-12-02,CVE-2021-43798
May 05 2017,CVE-2017-5689
2023-02-01,cve-2023-23752
2015-03-20,CVE-2015-2562
2020-04-02,CVE-2019-9960
2020-04-02,CVE-2020-11455
2020-04-02,cve-2019-9960
2021-12-09,CVE-2021-44228
2021-12-09,cve-2021-44228
2025-01-30,cve-2024-46506
Nov 16 2012,cve-2012-4959
Nov 16 2012,cve-2012-4959
2014-02-28,cve-2013-5795
2014-02-28,cve-2013-5880
2014-02-28,cve-2013-5877
2014-02-28,cve-2013-5880
2025-01-12,CVE-2024-57727
2025-01-12,cve-2024-57727
2013-11-06,CVE-2013-3621
2013-11-06,CVE-2013-3623
Nov 06 2013,CVE-2013-3619
2020-06-01,cve-2020-5410
2019-04-17,cve-2019-3799
2022-02-09,CVE-2019-18818
2024-06-04,CVE-2024-4358
2024-06-04,cve-2024-1800
2024-06-04,cve-2024-4358
2019-02-18,CVE-2019-8903
2014-10-22,CVE-2014-7816
2021-09-17,CVE-2021-39327
2023-11-14,CVE-2023-6063
2024-09-11,CVE-2024-8522
2024-09-11,CVE-2024-8529
2024-09-11,cve-2024-8522
2024-09-11,cve-2024-8529
2021-12-13,CVE-2021-24946
2022-01-23,CVE-2021-24862
2021-11-08,CVE-2021-24931
2024-09-25,CVE-2024-43917
2024-02-10,CVE-2024-1071
2023-03-22,cve-2023-28121
2016-09-29,CVE-2016-6415
2016-09-29,cve-2016-6415
2023-04-11,CVE-2023-21554
Jun 09 2012,cve-2012-2122
2019-05-14,CVE-2019-0708
2015-12-20,cve-2015-7755
2018-10-16,CVE-2018-10933
Jun 5 2014,cve-2014-0224
Oct 14 2014,CVE-2011-3389
Oct 14 2014,CVE-2013-2566
Oct 14 2014,CVE-2014-3566
Oct 14 2014,CVE-2015-4000
Oct 14 2014,CVE-2016-0800
Oct 14 2014,CVE-2022-3358
2019-08-09,CVE-2019-12258
2015-07-28,cve-2015-5477
2016-09-27,cve-2016-2776
2012-11-16,cve-2012-4959
2021-05-27,CVE-2021-31806
2021-05-27,CVE-2021-31807
2018-06-03,cve-2018-11646
2014-11-20,CVE-2014-9034
2014-06-05,CVE-2014-0195
2021-05-11,CVE-2021-31166
2014-12-17,CVE-2014-9222
2023-10-04,CVE-2023-22515
2023-10-04,cve-2023-22515
2023-10-16,CVE-2023-20198
2023-10-16,cve-2023-20198
2023-10-16,CVE-2023-20198
2023-10-16,CVE-2023-20273
2023-10-16,cve-2023-20198
2024-07-20,CVE-2024-20419
2024-06-25,CVE-2024-5276
2024-01-11,CVE-2023-7028
2017-09-23,cve-2017-7921
2020-04-21,cve-2020-4427
2020-04-21,cve-2020-4428
2020-04-21,cve-2020-4429
2020-04-21,cve-2020-4430
2023-11-27,CVE-2023-6329
2024-08-05,CVE-2024-7593
2020-06-15,CVE-2020-10923
2020-06-15,CVE-2020-10924
2019-06-03,CVE-2019-12477
2015-06-03,CVE-2015-2996
2015-06-03,CVE-2015-2997
2024-08-29,CVE-2024-6670
2024-08-29,cve-2024-6670
2024-01-10,CVE-2023-6875
2014-11-18,cve-2014-6324
2020-04-09,cve-2020-3952
2020-10-03,CVE-2020-6207
2018-03-14,CVE-2018-2392
2018-03-14,CVE-2018-2393
2025-02-13,CVE-2025-22896
2025-02-13,CVE-2025-24865
