Score;Date;CVE ID;Post ID
2;18/01/2013;CVE-2012-2122;16syfp
3;16/09/2013;CVE-2011-1256;1mijdv
0;14/10/2013;CVE-2013-4332;1ofth5
2;17/12/2013;CVE-2012-1823;1t2yqo
5;08/04/2014;CVE-2014-0160;22i7lj
1;30/04/2014;CVE-2011-3192;24bpdy
2;25/09/2014;CVE-2014-6271;2hgk9k
4;25/09/2014;CVE-2014-6271;2hgopn
1;26/09/2014;CVE-2014-6271;2hj40w
2;29/09/2014;CVE-2014-6277;2hsyu0
0;18/10/2014;CVE-2014-4113;2jlfjx
1;26/06/2015;CVE-2009-0320;3b7g4x
6;02/07/2015;CVE-2015-3105;3bwege
2;20/08/2015;CVE-2015-2473;3hq8is
1;17/09/2015;CVE-2009-2692;3l99pm
3;24/09/2015;CVE-2014-1969;3m7v55
3;20/11/2015;CVE-2015-6327;3tm7pr
5;23/02/2016;cve-2008-0166;479du2
1;24/02/2016;CVE-2015-7547;47b720
4;24/07/2016;CVE-2011-3389;4uetvd
6;30/08/2016;CVE-2015-8562;50ao2g
2;05/12/2016;CVE-2016-4484;5gp3ns
2;14/12/2016;CVE-2015-4852;5ic21c
4;01/09/2017;CVE-2011-3192;6xgxnc
1;07/11/2017;CVE-2013-4434;7bc05f
1;28/11/2017;CVE-2017-16944;7g3fj3
12;18/01/2018;CVE-2015-1538;7r9svm
3;17/04/2018;CVE-2016-8858;8d04dl
0;09/07/2018;CVE-2018-8154;8x9ytb
3;28/08/2018;CVE-2018-11776;9axx8j
6;07/09/2018;CVE-2018-8174;9du867
66;21/09/2018;CVE-2018-14847;9hnbcf
1;07/11/2018;CVE-2018-17915;9v1ci4
6;25/11/2018;cve-2018-10933;a07j78
1;30/01/2019;CVE-2017-8563;alasy3
6;14/05/2019;CVE-2019-8331;bokjrh
78;13/10/2019;CVE-2010-1170;dhdsu4
29;13/11/2019;CVE-2011-2335;dvraqh
9;19/12/2019;CVE-2019-3396;ecsxbx
1;06/02/2020;CVE-2019-1010259;ezoeim
35;07/04/2020;CVE-2017-0143;fwnrz0
15;02/06/2020;cve-2019-15092;gv46jx
1;01/08/2020;cve-2020-11896;i1qu0u
5;17/09/2020;CVE-2016-3386;iu8m5t
2;17/09/2020;CVE-2020-11651;iuaff1
2;16/11/2020;CVE-2015-2474;jv50nb
26;26/11/2020;cve-2020-25988;k1lpjk
3;24/09/2021;CVE-2018-0150;puclza
3;15/11/2021;CVE-2018-15473;qud083
2;09/02/2022;CVE-2021-3177;so84sp
6;31/07/2022;CVE-2022-34558;wcy44u
52;04/08/2022;CVE-2022-0778;wg6567
54;10/09/2022;cve-2021-4034;xal609
25;20/03/2023;CVE-2023-23397;11wfhk5
1;18/07/2023;CVE-2023-20162;1537w7z
1;29/09/2023;CVE-2023-123456;16vdusw
1;25/10/2023;CVE-2023-24055;17g7mqf
1;14/01/2024;CVE-2016-5538;196t9r7
5;21/01/2024;CVE-2020-8986;19bum3k
3;26/01/2024;CVE-2024-23897;1abisvv
2;03/02/2024;CVE-2018-10933;1ahwwq7
1;06/02/2024;CVE-2024-20666;1ak0vq5
3;11/03/2024;CVE-2020-1350;1bcffsi
1;13/05/2024;CVE-1999-0524;1cqqbg0
4;01/08/2024;CVE-2013-3900;1ehdj1c
1;04/08/2024;CVE-2023-4863;1ek7fcs
1;05/08/2024;CVE-2023-4863;1ek8wny
2;25/09/2024;CVE-2019-16292;1fpbu53
202;11/01/2020;CVE-2019-19781;en4m7j
90;19/01/2020;CVE-2020-0674;equ1hq
31;29/02/2020;CVE-2020-0688;fb8pum
34;29/02/2020;cve-2020-1938;fbcrxu
27;18/04/2020;cve-2020-3952;g3ocps
16;03/05/2020;CVE-2020-11651;gcnqc1
35;03/07/2020;cve-2020-5902;hkjxob
16;30/08/2020;CVE-2019-5787;ijjfda
9;01/10/2020;CVE-2020-0968;j34gf4
12;13/10/2020;cve-2020-16952;jal83d
2;09/01/2021;CVE-2021-3011;ktnjcv
37;30/01/2021;CVE-2021-3156;l8pruw
14;17/02/2021;cve-2021-1801;llnlt5
25;29/05/2021;cve-2021-21985;nnt29k
13;19/08/2021;cve-2020-25223;p79dpv
16;08/09/2021;CVE-2021-40444;pk5n8w
6;11/09/2021;CVE-2021-40444;pm6ta9
4;13/09/2021;CVE-2019-12523;pn9nqh
8;13/09/2021;CVE-2021-40346;pn9pax
14;17/09/2021;cve-2021-38647;pq9n5c
27;06/10/2021;CVE-2021-41773;q2dum6
6;17/11/2021;CVE-2021-42114;qw2dc7
502;10/12/2021;CVE-2021-44228;rd38z9
5;28/01/2022;CVE-2021-4034;sem5sv
40;01/02/2022;CVE-2021-44142;si2pdk
28;14/02/2022;CVE-2021-44228;srxqyw
2;17/03/2022;CVE-2021-25220;tggwa2
35;27/03/2022;CVE-2022-1096;tprdoq
33;30/03/2022;CVE-2022-22963;trzzw0
15;31/03/2022;CVE-2022-22965;tsud2k
1;09/04/2022;cve-2022-22965;u00jzt
11;08/05/2022;CVE-2022-1388;ukwer4
47;05/06/2022;CVE-2021-26084;v56qin
14;30/06/2022;CVE-2022-28219;vo9hs7
3;30/09/2022;CVE-2022-36067;xsb4ep
3;11/12/2022;CVE-2013-3900;zilcnh
1;22/10/2023;CVE-2023-35187;17dy80k
1;30/10/2023;CVE-2023-46747;17jtqtv
4;19/12/2023;CVE-2023-42793;18m0691
3;11/01/2024;CVE-2023-46805;193vp7y
1;04/04/2024;CVE-2024-3094;1bvta45
1;07/04/2024;CVE-2023-50164;1bycawx
10;16/04/2024;CVE-2024-3400;1c5s5ri
13;22/11/2024;cve-2024-0012;1gxi568
5;06/07/2022;CVE-2019-11510;vsl6lz
1;25/01/2023;CVE-2023-21606;10l37cm
2;14/06/2023;cve-2023-28771;148t5si
1;07/06/2024;CVE-2020-1472;1da67rv
1;01/06/2023;CVE-2018-0114;13xa815
3;03/10/2021;CVE-2017-0143;q0ns9p
2;22/11/2021;CVE-2021-30883;qzhxy8
1;08/03/2022;CVE-2010-2568;t9qskt
1;21/04/2022;CVE-2022-24492;u8iojj
1;27/05/2022;CVE-2022-22659;uz0wv2
2;13/07/2022;CVE-2021-36942;vy76sd
3;15/09/2022;CVE-2016-9312;xet9fg
1;21/11/2022;CVE-2022-1292;z10tke
1;13/02/2023;CVE-2022-26134;110utyh
3;02/04/2023;CVE-2022-20345;129t9qi
1;15/04/2023;CVE-1999-0667;12mp8d7
1;06/09/2023;CVE-2021-4045;16bk542
1;29/10/2023;CVE-2022-30190;17iyrbq
1;09/12/2023;CVE-2019-11091;18e1fms
3;26/01/2024;CVE-2021-16855;1abl0b4
1;17/02/2024;CVE-2023-45866;1at0nmr
1;29/03/2024;CVE-2021-1675;1bqkhvq
1;22/05/2024;CVE-2022-0847;1cxudvi
1;14/07/2024;CVE-2023-37920;1e39mmq
1;23/07/2024;CVE-2021-44226;1eaci35
1;05/09/2024;cve-2024-32896;1f9vff7
2;30/09/2024;CVE-2000-0138;1fsnlko
2;26/10/2024;cve-2024-44068;1gc9cur
1;03/11/2024;CVE-2022-26134;1giif2h
4;04/02/2018;cve-2017-16995;7v5yz1
2;21/06/2018;CVE-2018-8225;8svxcj
26;07/09/2018;CVE-2018-8284;9dsirg
12;04/10/2018;CVE-2018-4251;9laigt
20;12/10/2018;CVE-2018-8453;9nhub8
6;19/10/2018;CVE-2018-8495;9phc8g
55;02/11/2018;CVE-2018-4407;9tiyyh
9;07/12/2018;CVE-2018-1002105;a3yjje
0;29/12/2018;CVE-2015-0318;aamv3c
101;04/01/2019;CVE-2018-14442;acga61
58;22/02/2019;CVE-2019-8912;atfj62
22;16/05/2019;CVE-2019-0708;bpfwax
0;06/06/2019;CVE-2018-10562;bximb8
6;20/06/2019;CVE-2019-0708;c30j9t
3;27/09/2019;cve-2019-12491;d9vyhd
1;16/10/2019;CVE-2014-6287;dilmgh
1;27/01/2020;CVE-2019-19781;eus07o
2;06/02/2020;CVE-2019-1010259;ezogrg
1;14/02/2020;CVE-2019-11932;f3m8dk
4;10/03/2020;CVE-2020-0796;fgnbj3
2;12/03/2020;CVE-2020-0796;fhl8c1
17;30/03/2020;CVE-2015-0558;frgco0
2;19/05/2020;cve-2020-3125;gmnypg
10;10/06/2020;CVE-2020-1226;h0m678
8;11/06/2020;CVE-2014-0160;h0nilc
1;08/07/2020;cve-2015-0235;hnddti
3;28/07/2020;CVE-2020-5902;hzewfp
1;07/08/2020;CVE-2020-10713;i54h0r
7;16/09/2020;CVE-2020-1472;iu4fgx
7;10/10/2020;CVE-2020-1472;j8bopc
9;21/10/2020;CVE-2019-11510;jfb57s
0;22/10/2020;CVE-2020-5135;jg7mur
5;23/10/2020;CVE-2020-14181;jgsthb
7;26/10/2020;CVE-2017-9841;jiblf6
2;26/10/2020;CVE-2020-7383;jik9ip
8;30/10/2020;CVE-2020-17087;jl5zm9
1;03/11/2020;CVE-2012-1723;jn8898
2;20/01/2021;CVE-2018-20199;l1iyy6
1;27/01/2021;CVE-2019-11358;l6gzfh
7;28/01/2021;CVE-2021-3156;l7c79t
0;31/01/2021;CVE-2021-3156;l9nyjc
5;15/02/2021;CVE-2018-10562;lkc92r
0;28/03/2021;cve-2021-3449;mf5xwu
3;22/04/2021;CVE-2021-22893;mw7hyk
2;25/05/2021;cve-2020-14364;nkjdkn
749;20/07/2021;CVE-2021-33757;oo6a8f
411;27/07/2021;cve-2020-1472;oscq5s
9;13/08/2021;CVE-2021-20090;p3ojcq
1;14/08/2021;CVE-2021-36958;p4eqk0
2;16/08/2021;CVE-2021-3050;p571w0
103;08/09/2021;CVE-2021-40444;pkgmrf
147;13/09/2021;cve-2021-40444;png2pi
587;20/09/2021;CVE-2021-40444;prp84q
2;08/10/2021;CVE-2021-41733;q3wh6d
16;28/10/2021;CVE-2021-26084;qhlcap
2;23/11/2021;CVE-2021-42321;r0ah9t
637;23/11/2021;CVE-2021-41379;r0hmkc
45;23/11/2021;CVE-2021-42321;r0ijjj
116;10/12/2021;CVE-2021-44228;rdfbht
3;12/12/2021;cve-2021-44228;rf1roa
3;13/12/2021;cve-2021-44228;rf98ro
1;15/12/2021;CVE-2021-44228;rhd711
8;16/12/2021;CVE-2021-44228;rhnmu0
14;17/12/2021;CVE-2021-44228;rikcl6
31;25/12/2021;CVE-2021-44790;ro9lpx
1;12/01/2022;cve-2021-45608;s1sviu
4;12/01/2022;CVE-2022-21849;s2a0q2
1;16/02/2022;CVE-2013-3900;su0bi0
1;31/03/2022;CVE-2020-1472;tsol0v
1;01/04/2022;CVE-2022-22965;tts4nw
4;26/04/2022;CVE-2022-0540;ucbxm1
12;29/04/2022;CVE-2021-3100;uemj6t
2;03/05/2022;CVE-2022-29072;uhpq62
3;06/05/2022;CVE-2022-26522;ujoff4
7;11/05/2022;CVE-2022-26923;un845i
13;20/05/2022;CVE-2022-22954;utwl3e
3;20/05/2022;cve-2022-22954;utz12s
2;26/05/2022;CVE-2022-23277;uy8dk1
4;26/05/2022;CVE-2022-26937;uyemy8
0;01/07/2022;CVE-2022-26726;vp2fvh
1;06/07/2022;cve-2022-22980;vserfj
12;16/08/2022;CVE-2021-30666;wq6y63
5;20/08/2022;CVE-2020-0601;wt3nwb
7;22/09/2022;cve-2022-27255;xl25dh
2;23/09/2022;CVE-2018-10562;xlm599
2;04/10/2022;CVE-2002-1623;xvqvhg
2;21/10/2022;CVE-2022-42889;y9yxls
1;21/10/2022;CVE-2022-42889;ya6l4j
26;01/11/2022;CVE-2022-3786;yjclls
8;04/12/2022;CVE-2022-37706;zcn4jm
14;09/01/2023;CVE-2022-34777;107a044
1;09/01/2023;CVE-2022-36804;107auog
2;19/01/2023;CVE-2022-47966;10gdum6
5;25/01/2023;CVE-2023-21606;10l36b3
25;10/02/2023;CVE-2021-21974;10z3rbu
6;14/02/2023;CVE-2021-21974;1128okx
2;15/02/2023;CVE-2022-45788;1132a7c
1;23/02/2023;CVE-2022-47966;119zt3a
90;07/03/2023;CVE-2023-21716;11l10k1
9;15/03/2023;CVE-2023-24880;11rz04t
23;16/03/2023;CVE-2023-23397;11sw7z7
7;17/03/2023;CVE-2023-23397;11tsp91
58;24/03/2023;cve-2023-23397;120xq7m
236;25/03/2023;CVE-2023-21746;121fwog
0;11/04/2023;CVE-2023-28205;12iyias
0;18/04/2023;CVE-2021-3129;12qqft0
0;18/04/2023;CVE-2023-2033;12r5xia
5;19/04/2023;CVE-2023-2136;12ru2dd
2;20/04/2023;CVE-2023-0669;12t9oil
1;24/04/2023;CVE-2023-2136;12xp9un
8;03/05/2023;CVE-2023-1968;136ywzo
20;03/05/2023;CVE-2023-1389;136z1on
3;04/05/2023;CVE-1990-1234;137h59e
7;16/05/2023;CVE-2023-30777;13jaqfx
189;17/05/2023;CVE-2023-27217;13ka3qz
9;22/05/2023;cve-2023-31070;13opebk
6;26/05/2023;CVE-2023-21492;13sdjl7
1;27/05/2023;CVE-2019-0708;13t8tjo
0;30/05/2023;CVE-2023-28438;13voxv9
117;30/05/2023;CVE-2023-27988;13vwtq3
6;08/06/2023;CVE-2020-1472;144eqaa
336;09/06/2023;CVE-2023-34362;145djcg
158;23/06/2023;CVE-2023-35708;14h0py3
26;07/07/2023;CVE-2023-31222;14t90e2
40;10/07/2023;CVE-2023-20185;14vx77d
2;13/07/2023;cve-2023-27997;14yuk5l
1;17/07/2023;CVE-2023-27532;152diak
1;18/07/2023;CVE-2023-29298;152hi4b
1;21/07/2023;cve-2023-3519;155jeba
1;24/07/2023;CVE-2023-33148;1580dqy
1;24/07/2023;CVE-2023-3519;158e6pj
1;28/07/2023;CVE-2023-32629;15by9f4
1;02/08/2023;cve-2023-27532;15fw23h
1;04/08/2023;CVE-2023-20583;15i092s
1;04/08/2023;CVE-2023-39143;15i15bq
1;10/08/2023;CVE-2023-2868;15npxgd
1;11/08/2023;CVE-2022-40982;15oa65x
1;14/08/2023;CVE-2023-34362;15r3c56
1;18/08/2023;CVE-2023-29468;15ulzk7
1;21/08/2023;CVE-2021-22205;15x4b8z
1;14/09/2023;CVE-2023-41064;16i7sck
1;17/09/2023;CVE-2023-3676;16l7ndt
1;19/09/2023;CVE-2023-36764;16mr9le
1;27/09/2023;CVE-2023-5129;16tddml
1;27/09/2023;CVE-2023-5129;16tok7a
1;28/09/2023;CVE-2023-5129;16u0i4f
1;29/09/2023;CVE-2023-5217;16v1qf7
1;01/10/2023;CVE-2023-5217;16x70br
1;02/10/2023;CVE-2023-37476;16xsnxj
1;03/10/2023;CVE-2023-4211;16yjpk1
1;04/10/2023;CVE-2023-34362;16zw65d
1;06/10/2023;CVE-2023-40044;171e4jn
1;08/10/2023;CVE-2023-22515;172yflo
1;13/10/2023;CVE-2023-44487;176zeud
5;15/10/2023;CVE-2023-4863;178e5qg
1;15/10/2023;CVE-2023-4487;178mhqq
1;19/10/2023;CVE-2023-36434;17bfurt
1;22/10/2023;CVE-2023-35187;17dy016
1;26/10/2023;CVE-2015-4001;17h1d0t
1;27/10/2023;CVE-2023-20198;17hrdfz
1;27/10/2023;cve-2019-19585;17hrqr1
1;30/10/2023;cve-2023-5043;17jsozu
1;01/11/2023;cve-2023-35359;17lbwra
1;01/11/2023;CVE-2022-2068;17leap2
1;05/11/2023;cve-2019-0708;17ob3m6
9;09/11/2023;CVE-2023-4966;17rkvni
8;17/11/2023;CVE-2023-23583;17xgn2c
2;22/11/2023;CVE-2021-40724;181gnfa
6;23/11/2023;CVE-2023-46604;181waqz
12;08/12/2023;CVE-2023-26360;18dopqp
21;15/12/2023;CVE-2023-42793;18j2edi
1;16/12/2023;CVE-2023-45648;18jv487
292;18/12/2023;CVE-2023-427931;18lboou
5;19/12/2023;cve-2023-46854;18lshju
1;20/12/2023;CVE-2023-42793;18mow1h
1;21/12/2023;CVE-2023-2745;18o0tny
33;27/12/2023;CVE-2023-7102;18s231m
1;09/01/2024;CVE-2023-49070;19293vt
20;10/01/2024;CVE-2023-45866;1931s2f
1;14/01/2024;CVE-2023-36884;196ppdp
3;16/01/2024;CVE-2019-6538;1980qfp
2;17/01/2024;CVE-2023-41265;198xkai
7;19/01/2024;CVE-2019-1653;19akugv
4;23/01/2024;CVE-2023-7028;19dte2s
13;31/01/2024;CVE-2024-21893;1afii1g
26;01/02/2024;CVE-2023-23397;1agcug5
1;03/02/2024;CVE-2024-21626;1ahsqez
1;06/02/2024;cve-2024-21893;1aki4ad
53;07/02/2024;CVE-2023-36661;1alhcvi
14;14/02/2024;CVE-2024-21413;1aqb7q2
1;16/02/2024;CVE-2023-50358;1asb77q
19;26/02/2024;CVE-2023-3824;1b0wswj
1;27/02/2024;CVE-2017-1000190;1b17cay
14;02/03/2024;CVE-2024-0692;1b51vn2
17;03/03/2024;cve-2023-6063;1b5mv9t
1;17/03/2024;CVE-2023-4863;1bh8lun
3;18/03/2024;CVE-2021-44228;1bhi7ap
2;27/03/2024;CVE-2024-1709;1boxmhy
1;29/03/2024;CVE-2024-24725;1bqni5x
9;29/03/2024;CVE-2024-3094;1bqzfr0
1;30/03/2024;CVE-2024-3094;1brhxre
1;30/03/2024;CVE-2024-3094;1bri0l8
1;01/04/2024;CVE-2024-3094;1bswod6
4;01/04/2024;CVE-2024-3094;1bsyqmo
2;02/04/2024;cve-2024-3094;1btr7f4
10;04/04/2024;CVE-2024-3094;1bvt8fb
1;05/04/2024;CVE-2021-40444;1bw6bgl
11;05/04/2024;CVE-2024-3094;1bwidyn
1;09/04/2024;CVE-2004-1831;1bzdh5y
233;16/04/2024;CVE-2024-3400;1c5s0bt
1;18/04/2024;CVE-2024-31497;1c6veej
17;24/04/2024;CVE-2024-20353;1cc6e35
11;03/05/2024;CVE-2015-2051;1cj9s5s
1;04/05/2024;CVE-2021-22986;1cju6a5
10;09/05/2024;CVE-2024-20353;1cnqmuj
2;16/05/2024;CVE-2021-3129;1ctnk2m
1;20/05/2024;CVE-2023-21608;1cwg9af
34;21/05/2024;CVE-2024-4986;1cxcowt
10;23/05/2024;CVE-2023-38547;1cyoay6
1;26/05/2024;CVE-2024-1086;1d0tcq1
10;30/05/2024;CVE-2024-24919;1d42kk9
2;12/06/2024;cve-2024-30103;1dee3yn
1;12/06/2024;cve-2024-30103;1dee5h5
28;20/06/2024;Cve-2024-30078;1dk3p7g
1;25/06/2024;cve-2024-37032;1do67j1
13;28/06/2024;CVE-2024-5806;1dqkvdv
2;08/07/2024;CVE-2024-6387;1dy5lj4
3;09/07/2024;CVE-2021-44228;1dz166o
1;12/07/2024;CVE-2023-48795;1e1hum1
3;18/07/2024;CVE-2024-3400;1e6ilef
1;23/07/2024;CVE-2024-3596;1ea68se
1;24/07/2024;cve-2023-46604;1eayc4b
2;13/08/2024;CVE-2016-1847;1erc7ky
12;17/08/2024;CVE-2024-6783;1eueblc
5;22/08/2024;CVE-2023-38408;1eypqbw
6;26/08/2024;CVE-2021-44228;1f1o30t
1;28/08/2024;CVE-2024-1709;1f3glpj
4;06/09/2024;CVE-2024-40711;1faj9c3
1;06/09/2024;CVE-2024-40766;1faob7q
1;07/09/2024;CVE-2024-36401;1fbabgp
1;15/09/2024;CVE-2024-29847;1fh9are
2;28/09/2024;CVE-2024-38286;1frc1e9
1;04/10/2024;cve-2024-9313;1fw10xj
13;10/10/2024;CVE-2024-43047;1g0th1m
8;11/10/2024;CVE-2024-40711;1g1fa8a
1;14/10/2024;cve-2024-35202;1g3a2da
3;24/10/2024;CVE-2024-38094;1gbai04
3;01/11/2024;CVE-2024-1234;1gh89iu
1;12/11/2024;CVE-2024-45763;1gpl7ec
3;22/11/2024;CVE-2023-45282;1gxhrs4
1;23/11/2024;CVE-2021-41773;1gxxhwv
1;25/11/2024;CVE-2024-11477;1gzqj0y
162;25/11/2024;CVE-2024-11477;1gzqkjz
8;04/12/2024;CVE-2024-8785;1h6dubg
1;05/12/2024;CVE-2024-42327;1h6w5dn
1;10/12/2024;CVE-2024-46909;1hbaolq
11;19/12/2024;CVE-2023-34990;1hi23mj
1;31/12/2024;CVE-2014-0816;1hqap4w
1;19/04/2013;CVE-2011-4368;1coh3u
4;19/03/2014;CVE-2012-1495;20tv1h
115;10/05/2014;CVE-2012-6081;256g7l
1;05/08/2015;CVE-2015-5477;3fupiv
5;30/08/2016;CVE-2015-8562;50alui
3;11/07/2017;CVE-2010-2730;6mo5sv
0;01/08/2017;CVE-2011-3402;6qup46
3;27/09/2017;CVE-2017-0199;72uo7p
2;06/03/2018;CVE-2018-0101;82gqzi
3;30/10/2018;CVE-2018-14665;9sr9m0
10;02/11/2018;CVE-2018-4407;9tntut
2;25/11/2018;cve-2018-10933;a07fcs
1;25/01/2019;CVE-2019-6260;ajoykp
0;07/03/2019;CVE-2018-20250;ay9fdt
1;08/03/2019;CVE-2017-15396;aywgck
10;28/06/2019;CVE-2016-7262;c6lo8e
4;27/07/2019;CVE-2019-2107;cig8gi
5;18/09/2019;CVE-2017-16510;d60kva
202;07/12/2019;CVE-2019-11708;e7elzs
10;17/03/2020;CVE-2020-0768;fjykpe
1;08/04/2020;CVE-2018-10933;fx6lr8
1;07/08/2020;CVE-2020-10713;i5al89
19;06/10/2020;CVE-2020-1472;j5z8zy
7;03/12/2020;cve-2020-25988;k63dqd
5;05/02/2021;CVE-2021-21148;ld3yag
125;13/04/2021;CVE-2021-3156;mq3glh
9;19/08/2021;CVE-2021-36798;p7ig6y
11;23/09/2021;CVE-2021-28663;ptsio2
15;11/10/2021;CVE-2006-3092;q61e8f
7;12/12/2021;CVE-2019-14889;rel34n
4;28/03/2022;CVE-2021-44228;tq3bao
1;11/04/2022;CVE-2019-6470;u13r97
2;19/04/2022;CVE-2022-23219;u7aqd1
34;27/05/2022;CVE-2021-3393;uyr76h
0;21/06/2022;CVE-2022-2003;vhaffv
1;06/10/2022;cve-2022-27254;xwth5a
10;29/12/2022;CVE-2018-10561;zybp3s
1;16/01/2023;CVE-2019-11358;10du903
2;16/01/2023;CVE-2019-11358;10duc27
424;01/03/2023;CVE-2020-5741;11f72kn
3;15/04/2023;CVE-1999-0667;12mp5iy
1;18/04/2023;CVE-2021-3129;12qqbbl
9;27/05/2023;CVE-2023-21554;13ssprw
135;14/06/2023;CVE-2023-34362;149eyux
1;04/07/2023;CVE-2016-20012;14q36xv
12;14/08/2023;CVE-2023-34362;15r31jd
1;03/09/2023;CVE-2023-2640;1695vru
1;15/09/2023;CVE-2017-7629;16j56eh
1;14/10/2023;CVE-2018-1160;177wztl
1;05/01/2024;cve-2023-51771;18ysihj
7;11/02/2024;cve-2024-22087;1ao9mcm
26;15/08/2024;CVE-2024-38063;1esg9ho
14;22/11/2024;CVE-2023-45282;1gxhnkz
10;28/07/2015;CVE-2015-5477;3ey2pv
3;29/09/2015;CVE-2015-3183;3mvd91
0;01/06/2017;cve-2017-1000367;6ekzv1
51;03/09/2019;CVE-2019-10197;cz6vvw
25;16/09/2019;CVE-2018-1312;d4xhhu
1;29/04/2020;CVE-2019-16746;ga6x6g
17;03/07/2020;CVE-2019-15917;hked0h
1;28/01/2021;CVE-2021-3156;l6vqg4
14;29/01/2021;CVE-2021-3156;l7ji1o
10;09/06/2024;CVE-2024-4610;1dc3cda
41;01/07/2024;CVE-2024-6387;1dsrjaq
6;09/06/2014;CVE-2013-2094;27p6co
24;31/08/2016;CVE-2012-0158;50haoe
28;03/06/2018;CVE-2018-8174;8o4rbn
28;01/07/2019;CVE-2019-11707;c7y4jf
4;08/07/2019;CVE-2019-11707;caqbtr
36;16/06/2022;CVE-2022-0778;vdsvkz
4;19/03/2024;CVE-2023-3824;1bia17f
21;23/06/2024;cve-2023-24932;1dmv1oo
7;01/05/2017;CVE-2016-0128;68ov9l
6;06/09/2017;cve-2017-9805;6yhj0g
8;26/02/2018;CVE-2015-2081;80ex76
2;27/06/2018;CVE-2018-8233;8udkye
2;28/01/2020;CVE-2020-0601;evbhgh
45;11/03/2020;CVE-2020-0796;fgr293
8;27/06/2020;CVE-2020-15069;hgja6r
115;14/07/2020;cve-2020-1350;hr67jn
1;07/08/2020;CVE-2020-17352;i5dfem
47;12/08/2020;CVE-2020-1472;i8ct95
8;09/11/2020;CVE-2019-0232;jr2lae
138;02/01/2021;CVE-2020-29583;kov0u7
100;03/02/2021;cve-2020-1472;lbvggq
60;11/02/2021;cve-2021-24092;lht8kt
176;05/05/2021;CVE-2021-21551;n5i06j
88;26/05/2021;CVE-2020-27840;nlcsd9
262;30/06/2021;CVE-2021-1675;ob6y02
31;02/07/2021;CVE-2021-1675;oc65gc
54;06/07/2021;CVE-2021-34527;of58ew
2;07/07/2021;cve-2021-1675;of7bmm
55;08/07/2021;CVE-2021-34527;og9hk3
45;13/07/2021;CVE-2021-34527;oj5nid
90;16/07/2021;CVE-2021-34481;olgdls
1;22/07/2021;CVE-2021-32761;op7gl4
10;23/07/2021;CVE-2021-36934;oq4abs
2;29/07/2021;CVE-2021-3438;otnui3
5;05/08/2021;CVE-2017-11882;oykcsy
6;10/08/2021;CVE-2021-34527;p1w0fe
5;01/09/2021;CVE-2021-3711;pfwh17
241;09/09/2021;cve-2021-40444;pl5o37
24;14/09/2021;CVE-2021-36958;po7f77
282;18/10/2021;cve-2021-34481;qao5ba
22;30/11/2021;cve-2021-39237;r5pdmu
302;10/12/2021;CVE-2021-44228;rdba36
9;13/12/2021;cve-2021-44228;rfjzll
21;13/12/2021;CVE-2021-4428;rfp45e
138;15/01/2022;CVE-2021-44228;s48iji
1;23/03/2022;CVE-2021-44228;tl88xz
3;28/03/2022;CVE-2022-1096;tqc8tv
0;01/04/2022;CVE-2019-8273;ttt46p
54;18/04/2022;CVE-2022-29072;u6j7nn
6;03/06/2022;CVE-2022-26134;v3z9xr
37;15/06/2022;CVE-2022-30190;vcobre
185;29/09/2022;CVE-2022-41040;xrkfdf
24;07/10/2022;CVE-2022-40684;xy1xcy
2;14/10/2022;cve-2022-40684;y3us9k
0;13/12/2022;CVE-2022-27518;zlbefb
144;22/12/2022;CVE-2022-41080;zt04qb
94;23/02/2023;CVE-2022-39952;119ucw5
5;10/03/2023;CVE-2023-27532;11nrdzd
85;13/03/2023;cve-2023-27532;11qmhv8
24;16/03/2023;CVE-2023-23397;11t5jue
141;17/03/2023;CVE-2023-23397;11tt3bc
3;21/03/2023;CVE-2023-23397;11xhsam
0;31/03/2023;CVE-2023-29059;127u2a7
46;12/04/2023;CVE-2023-21554;12jqjj2
135;30/04/2023;CVE-2023-27532;133s7kz
102;01/06/2023;CVE-2023-34362;13xjs1y
44;12/06/2023;CVE-2023-27997;147t4cp
1;20/07/2023;CVE-2023-3519;154zh7p
1;25/07/2023;CVE-2023-3519;1599ej5
1;25/07/2023;CVE-2023-3519;1599el7
1;27/07/2023;CVE-2023-3029;15b307x
1;28/07/2023;CVE-2023-26077;15bv5ee
1;31/07/2023;CVE-2023-30799;15epw1f
1;05/08/2023;cve-2023-39143;15iwjez
1;15/08/2023;CVE-2022-40982;15rtiql
1;18/08/2023;CVE-2023-32019;15ule6h
1;21/08/2023;CVE-2023-32560;15xbwm6
1;28/08/2023;CVE-2023-38831;163r3wn
1;18/09/2023;CVE-2023-20269;16m3acu
1;25/09/2023;CVE-2023-36845;16rvooj
1;27/09/2023;CVE-2023-40164;16tkvu4
1;29/09/2023;CVE-2023-4863;16uvel0
1;29/09/2023;CVE-2023-40044;16vfyh5
4;02/10/2023;CVE-2023-5129;16y1eks
1;02/10/2023;CVE-2023-40044;16y3962
1;03/10/2023;CVE-2023-5129;16ysrq1
1;04/10/2023;CVE-2023-22515;16zud7d
1;16/10/2023;CVE-2023-38545;179fop6
1;23/10/2023;CVE-2023-22515;17et8pl
1;30/10/2023;CVE-2023-34048;17k1ncd
35;02/11/2023;CVE-2023-46604;17mhg92
1;06/11/2023;CVE-2023-46747;17p5ju3
1;22/11/2023;CVE-2023-46604;18198qh
5;08/12/2023;cve-2023-45866;18dawc1
1;14/12/2023;CVE-2023-50164;18ibj9b
1;14/12/2023;CVE-2023-50164;18ibl5l
5;27/12/2023;CVE-2023-7102;18sc24h
3;18/01/2024;CVE-2023-6340;199legu
3;23/01/2024;CVE-2023-39336;19dswfm
5;30/03/2024;cve-2024-3094;1bro3e8
16;12/04/2024;CVE-2024-3400;1c28kty
35;08/05/2024;CVE-2024-29212;1cmqmy0
3;05/06/2024;CVE-2022-0001;1d8v9m9
9;10/06/2024;CVE-2024-29849;1dcousw
4;01/07/2024;CVE-2024-2973;1dsp60i
54;01/07/2024;CVE-2024-6387;1dsse9e
3;02/07/2024;cve-2024-6387;1dtekaf
1;10/07/2024;CVE-2024-38080;1dzocfk
1;10/07/2024;CVE-2024-6236;1dzpqgq
2;15/07/2024;CVE-2024-27198;1e47a62
45;14/08/2024;CVE-2024-38063;1es0ivo
1;06/09/2024;CVE-2024-40711;1faj5s0
9;06/09/2024;CVE-2024-40766;1fao9w1
22;26/09/2024;CVE-2024-47176;1fq8023
12;11/10/2024;CVE-2024-40711;1g1f8sa
1;24/10/2024;CVE-2024-38094;1gbaifd
84;10/12/2024;CVE-2024-50623;1haqgss
5;19/12/2024;CVE-2023-34990;1hi2470
3;10/05/2014;CVE-2012-6081;25673r
4;29/11/2014;CVE-2008-0122;2nqws6
2;04/05/2016;CVE-2016-2107;4htn93
3;21/11/2016;CVE-2015-4642;5e4x9a
0;20/06/2017;CVE-2017-8224;6ifpg0
15;01/10/2017;CVE-2003-0201;73lfgf
2;11/12/2017;CVE-2008-7251;7j4xtj
9;13/02/2018;CVE-2018-6791;7x6q13
2;30/12/2018;CVE-2015-9251;aavint
5;22/04/2019;CVE-2019-11014;bfyh86
5;19/05/2020;CVE-2017-0199;gmw1gq
49;03/07/2021;CVE-2021-1675;od62nk
24;06/02/2022;CVE-2021-44228;sm0j5y
9;28/03/2022;CVE-2021-44228;tq3a4m
18;11/01/2023;CVE-2007-0071;10927di
5;13/02/2023;CVE-2022-26134;110wbog
15;15/04/2023;CVE-1999-0667;12mp7yf
1;21/08/2023;CVE-2021-22205;15x6g6c
1;13/09/2023;CVE-2020-8010;16hjbwl
1;17/09/2023;CVE-2023-3676;16l8fuu
1;24/09/2023;CVE-2023-41991;16qssz5
1;01/10/2023;CVE-2023-5217;16x6ttv
1;15/10/2023;CVE-2023-4487;178mi2b
1;22/10/2023;CVE-2023-35187;17dy2hg
6;08/12/2023;CVE-2023-38831;18di5lm
4;09/12/2023;CVE-2023-38831;18ef2gg
13;13/06/2010;CVE-2010-1297;ceeai
17;12/08/2010;CVE-2010-2550;d09d1
7;18/01/2012;CVE-2011-4130;olqe9
19;09/03/2012;CVE-2011-3046;qom4v
8;25/03/2012;CVE-2010-0188;rcwji
8;06/07/2012;CVE-2012-1723;w4rov
72;28/01/2013;cve-2013-0333;17ggg5
10;19/03/2013;CVE-2013-1854;1akzas
1;08/04/2014;CVE-2014-0160;22idlb
1;21/04/2015;CVE-2012-0158;33d0gl
18;28/06/2018;CVE-2018-0296;8ufugv
15;06/12/2018;CVE-2018-1002105;a3okfo
16;09/04/2019;CVE-2019-3396;bb6nzr
6;20/02/2020;CVE-2020-0668;f7244h
10;18/03/2020;CVE-2019-15126;fkum2o
1;03/08/2023;cve-2023-33383;15h2plg
33;29/08/2023;CVE-2023-34723;16419h5
1;03/10/2023;CVE-2023-43654;16z0ma2
1;30/01/2024;CVE-2023-51467;1aet81y
21;22/11/2024;CVE-2023-45282;1gxhpmv
4;19/03/2024;CVE-2023-3824;1bia9hx
1;14/10/2011;CVE-2011-3368;lbrx1
5;09/12/2011;CVE-2011-4694;n6jwo
23;30/08/2012;CVE-2012-4681;z3g43
1;13/09/2012;CVE-2011-3389;ztuea
0;25/06/2013;CVE-2013-3660;1h185n
10;29/07/2013;CVE-2010-5200;1j9las
31;09/07/2014;CVE-2014-2781;2a9z7m
92;26/09/2014;CVE-2014-6271;2hixko
1;09/10/2014;CVE-2014-0224;2ishlp
2;15/10/2014;CVE-2013-2729;2jcu99
9;16/10/2014;CVE-2014-3393;2jeaz9
99;18/11/2014;cve-2014-6324;2mpgez
253;05/12/2014;cve-2014-6324;2od1ad
2;10/12/2014;CVE-2014-0224;2ow404
7;08/01/2015;CVE-2014-1761;2rr4t5
3;22/01/2015;CVE-1999-0169;2t93zb
168;27/01/2015;CVE-2015-0235;2tui27
3;27/01/2015;CVE-2014-8730;2tw5dg
3;07/02/2015;CVE-2015-0235;2v2a6y
0;24/02/2015;CVE-2010-5298;2x05zh
58;19/03/2015;CVE-2015-0286;2zlnax
10;19/03/2015;CVE-2014-0224;2zmqmf
1;07/05/2015;cve-2015-0235;357x31
3;01/07/2015;CVE-2004-2761;3bp46y
5;02/07/2015;CVE-2015-3306;3bxdje
1;21/07/2015;CVE-1999-0510;3e2qy0
2;17/02/2016;cve-2015-7547;4699x3
31;24/03/2016;cve-2016-0636;4brjui
25;14/04/2016;cve-2016-1019;4eslpl
3;14/04/2016;CVE-2016-1014;4etil7
3;19/04/2016;CVE-2014-0160;4feqhe
1;22/04/2016;CVE-2015-2414;4fxu3g
22;09/06/2016;CVE-2005-1219;4nbsre
184;11/08/2016;CVE-2016-5696;4x8lt5
52;17/08/2016;CVE-2016-0777;4y46zb
0;30/08/2016;CVE-2015-8562;50amp2
4;21/10/2016;CVE-2016-5195;58ndyk
12;27/10/2016;CVE-2016-5195;59nf0r
0;03/01/2017;CVE-2016-2183;5ltp2y
4;09/03/2017;CVE-2017-5638;5yhp1v
153;13/04/2017;CVE-2016-10229;655f3d
4;12/05/2017;CVE-2017-0159;6are20
3;15/05/2017;CVE-2017-0143;6b8fhx
10;23/05/2017;CVE-2013-3587;6cuhl8
72;24/05/2017;CVE-2017-7494;6d0uzg
9;13/06/2017;CVE-2015-6585;6h2de7
14;23/06/2017;CVE-2017-8558;6j3kq1
326;27/06/2017;CVE-2017-0199;6jt1ng
8;12/07/2017;CVE-2017-8589;6mt3dp
76;12/07/2017;CVE-2017-8563;6mty4b
2;13/07/2017;CVE-2017-8563;6n4n6s
3;14/07/2017;CVE-2017-8589;6n5wzy
123;27/07/2017;CVE-2017-8571;6pxz08
2;08/08/2017;CVE-2017-8620;6sf8zu
3;23/08/2017;CVE-2017-0167;6vlc1l
8;13/09/2017;CVE-2017-8759;6ztenh
136;14/09/2017;CVE-2017-5638;701xi0
3;27/09/2017;CVE-2013-2566;72v9h4
25;11/10/2017;cve-2017-11776;75pajy
128;16/10/2017;CVE-2017-13080;76qir7
50;30/10/2017;CVE-2017-13080;79ncu9
2;02/11/2017;CVE-2017-13077;7ad0wj
3;14/11/2017;CVE-2017-0213;7cvxj9
5;21/11/2017;CVE-2017-11882;7ehze0
39;08/12/2017;CVE-2017-11937;7ie2i7
3;08/12/2017;CVE-2017-11937;7igqpg
0;11/12/2017;CVE-2008-7251;7j5xlf
4115;02/01/2018;CVE-2017-5754;7nl8r0
358;03/01/2018;CVE-2017-5715;7nyhc5
110;03/01/2018;CVE-2017-5715;7nyrxd
123;04/01/2018;CVE-2017-5715;7nz6he
11;04/01/2018;CVE-2017-10271;7o2mac
15;06/01/2018;CVE-2017-5715;7oicjg
21;07/01/2018;cve-2017-5715;7oubgr
239;08/01/2018;cve-2017-5715;7ozp9q
3;09/01/2018;CVE-2017-5715;7p8nwv
161;09/01/2018;CVE-2017-5715;7p8yyv
73;09/01/2018;CVE-2017-5754;7p9it3
0;10/01/2018;cve-2017-5715;7peu99
9;11/01/2018;cve-2017-5715;7pk7ry
116;11/01/2018;CVE-2017-5715;7pocez
20;12/01/2018;cve-2017-5715;7pxcwx
5;12/01/2018;cve-2017-5715;7py5la
6;13/01/2018;cve-2017-5715;7q7hi2
2;15/01/2018;CVE-2017-5753;7qkxkm
545;23/01/2018;cve-2017-5715;7sboac
1;26/01/2018;CVE-2017-5753;7t8h29
3;29/01/2018;CVE-2018-0764;7tu7dn
15;31/01/2018;CVE-2017-3762;7uaa4m
365;05/02/2018;cve-2018-0101;7vfssy
119;12/02/2018;cve-2014-3566;7x30h7
63;26/02/2018;cve-2017-5715;80bji1
33;07/03/2018;cve-2017-5715;82pgrv
9;07/03/2018;CVE-2018-6789;82s2xq
183;09/03/2018;CVE-2018-0141;833md6
3;12/03/2018;CVE-2018-0101;83vfns
183;13/03/2018;CVE-2018-1057;8437on
8;13/03/2018;CVE-2018-1057;848rjl
13;26/03/2018;CVE-2018-0886;878soy
6;29/03/2018;cve-2018-1038;885pr1
2;30/03/2018;cve-2018-1038;88a94l
5;30/03/2018;CVE-2018-7600;88asdu
3;03/04/2018;CVE-2017-5715;89hvy4
6;04/04/2018;cve-2018-1038;89q9oa
257;05/04/2018;CVE-2018-0171;89zymg
14;06/04/2018;CVE-2018-0986;8a52np
3;09/04/2018;CVE-2017-5638;8ay1ov
1;09/04/2018;CVE-2017-5715;8az6ap
1;11/04/2018;cve-2018-0886;8bdgl2
9;12/04/2018;CVE-2018-0950;8btclp
2;16/04/2018;CVE-2016-5195;8cmnk9
8;16/04/2018;cve-2018-0886;8cog69
2;21/04/2018;CVE-2018-10201;8dsj7p
500;23/04/2018;CVE-2018-7600;8ecqee
18;25/04/2018;CVE-2018-7602;8ewquc
6;04/05/2018;CVE-2017-5715;8h0gd3
8;07/05/2018;CVE-2018-0886;8hozur
194;09/05/2018;cve-2018-0886;8i4coq
98;09/05/2018;cve-2018-0886;8i69pv
111;09/05/2018;CVE-2018-8154;8i7mwm
7;10/05/2018;cve-2018-0886;8iagdz
0;10/05/2018;CVE-2018-8174;8ib8rt
0;15/05/2018;CVE-2018-0886;8jn681
58;16/05/2018;CVE-2018-1111;8jup51
4;21/05/2018;CVE-2018-3639;8l4l3n
38;24/05/2018;CVE-2018-6212;8lqgxl
1;25/05/2018;cve-2018-3639;8m0q13
2;08/06/2018;cve-2018-5002;8pf7fz
15;13/06/2018;CVE-2018-8225;8qp8r7
23;19/06/2018;CVE-2018-2768;8scrxu
1;21/06/2018;cve-2018-0886;8ss4h8
31;25/06/2018;CVE-2018-0886;8tqj41
0;27/06/2018;CVE-2018-8233;8udkt0
53;29/06/2018;cve-2017-5715;8usw4z
4;10/08/2018;cve-2018-3110;96au59
1;17/08/2018;CVE-2018-8344;982reo
2;20/08/2018;cve-2018-15473;98oog9
392;11/09/2018;CVE-2018-8475;9f1q8d
0;14/09/2018;CVE-2017-5715;9fs278
9;15/09/2018;CVE-2018-0886;9g0tfl
14;20/09/2018;CVE-2018-8421;9hg61a
3;21/09/2018;cve-2018-8421;9hkhoz
20;27/09/2018;cve-2018-14634;9jfckm
71;12/10/2018;CVE-2018-8265;9nknzx
9;16/10/2018;CVE-2018-10933;9osgp4
1;19/10/2018;CVE-2018-10933;9pmcms
3;30/10/2018;CVE-2018-8569;9sp446
6;03/12/2018;CVE-2017-0282;a2nmxp
25;12/12/2018;CVE-2018-8626;a5lhje
144;19/12/2018;CVE-2018-8653;a7p8to
3;20/12/2018;CVE-2018-8653;a7wz7e
23;20/12/2018;CVE-2018-8653;a820zz
14;21/12/2018;cve-2018-8653;a8ewgh
151;09/01/2019;CVE-2018-3639;ae5njm
2;17/01/2019;CVE-2018-12201;ah0sjm
1;22/01/2019;cve-2017-8529;aiqvb2
1;24/01/2019;CVE-1999-0450;ajhkhk
3;31/01/2019;CVE-2018-8581;alrdhr
5;11/02/2019;CVE-2018-12038;apj0qf
1;14/02/2019;CVE-2019-5736;aqmhmg
10;21/02/2019;CVE-2019-6340;at4wnc
7;22/02/2019;CVE-2018-5744;atiw11
1;25/03/2019;CVE-2017-8529;b5cr17
2;14/04/2019;CVE-2002-0419;bd23kf
51;16/04/2019;CVE-2019-3396;bds1hz
5;02/05/2019;cve-2019-2725;bjrww2
7;10/05/2019;CVE-2019-0604;bn3zjo
4;13/05/2019;CVE-2019-7442;bo8g4r
84;14/05/2019;cve-2019-3568;bogcuv
24;14/05/2019;CVE-2019-11815;boiknf
156;14/05/2019;CVE-2018-12126;bolsra
247;14/05/2019;cve-2019-0708;boly55
101;14/05/2019;CVE-2019-0708;bom77a
106;15/05/2019;CVE-2019-1804;boq9vf
7;15/05/2019;CVE-2019-0708;bp3wcn
19;16/05/2019;cve-2019-0708;bphrjk
8;21/05/2019;CVE-2019-0708;brejj4
32;29/05/2019;CVE-2018-15664;bujbr5
4;31/05/2019;CVE-2019-0708;bv8jvz
0;05/06/2019;CVE-2019-0708;bx4fh2
1;06/06/2019;cve-2019-0708;bxbklf
0;08/06/2019;CVE-2019-0708;by97v2
70;11/06/2019;CVE-2019-10149;bzapvp
208;12/06/2019;CVE-2019-9510;bzuorb
1;18/06/2019;cve-2019-2725;c28xzq
2;19/06/2019;CVE-2017-5753;c2hqd8
13;20/06/2019;CVE-2019-2729;c2vhpu
1;27/06/2019;CVE-2018-3646;c6ad67
14;09/07/2019;CVE-2019-13054;caw31k
0;31/07/2019;CVE-2017-0213;ckbktp
53;07/08/2019;CVE-2019-1125;cn7hmo
87;13/08/2019;cve-2019-1181;cpx206
0;21/08/2019;CVE-2019-1181;ctip5c
2;17/09/2019;CVE-2019-1138;d59ecd
12;24/09/2019;CVE-2019-1367;d8tr95
1;24/09/2019;CVE-2019-1367;d8umzu
1;25/09/2019;CVE-2019-1367;d8v1ai
25;25/09/2019;CVE-2019-1367;d94smj
0;25/09/2019;CVE-2019-1367;d982nt
2;03/10/2019;CVE-2017-5715;dcmmud
2;11/10/2019;CVE-2017-8529;dgdkgx
14;31/10/2019;CVE-2019-13720;dpuu7z
89;02/11/2019;cve-2019-0708;dqq9pl
0;12/11/2019;cve-2019-1181;dv6k1z
79;12/11/2019;CVE-2019-11135;dviwvj
9;13/11/2019;CVE-2019-11153;dvl8qj
1;13/11/2019;CVE-2019-1316;dvssiy
1;06/01/2020;CVE-2017-5715;ekw8gy
46;11/01/2020;cve-2019-19781;en1rzf
0;14/01/2020;cve-2019-19781;eocvtu
921;14/01/2020;cve-2020-0601;eoll74
830;14/01/2020;CVE-2020-0601;eop1qp
0;14/01/2020;CVE-2020-0601;eop96q
1;14/01/2020;CVE-2020-0601;eoptpk
458;15/01/2020;CVE-2020-0609;ep0v5b
2;16/01/2020;CVE-2020-0601;epggtb
41;16/01/2020;cve-2020-0601;epje0v
0;16/01/2020;CVE-2020-0601;epms6z
8;16/01/2020;CVE-2020-0609;epon8r
1;16/01/2020;CVE-2020-0601;eprbne
0;17/01/2020;cve-2019-19781;eq36ns
9;19/01/2020;CVE-2020-0601;eqztmm
12;20/01/2020;CVE-2020-0601;erc3l9
43;22/01/2020;cve-2019-19363;esf5ey
16;26/01/2020;cve-2020-0601;etzttb
2;27/01/2020;CVE-2019-19781;eus7o5
1568;03/02/2020;CVE-2019-18988;eydtuc
2;12/02/2020;CVE-2020-0688;f2qpdp
2;18/02/2020;CVE-2017-8563;f5rr02
7;18/02/2020;CVE-2020-7942;f60gl3
3;19/02/2020;CVE-2019-19781;f6awqj
693;25/02/2020;CVE-2020-6418;f9az5v
150;26/02/2020;cve-2020-0688;f9phxs
1;03/03/2020;CVE-2020-0688;fd0odo
32;09/03/2020;CVE-2020-10189;ffux05
58;11/03/2020;CVE-2020-0765;fgw5p9
116;12/03/2020;CVE-2020-0796;fhi4st
9;12/03/2020;cve-2020-0796;fhm5y8
52;24/03/2020;CVE-2020-0609;fo8j0o
1633;31/03/2020;CVE-2020-0609;fs2d1a
6;07/04/2020;cve-2020-0688;fwosoe
47;10/04/2020;CVE-2020-3952;fyfs59
193;14/04/2020;CVE-2020-3952;g0xrjn
18;15/05/2020;CVE-2019-0887;gkeq9y
17;08/06/2020;CVE-2017-1000082;gz5qi5
30;09/06/2020;CVE-2020-0543;gzv8rr
25;29/06/2020;CVE-2020-2021;hi2bur
23;01/07/2020;CVE-2020-1425;hjb8zj
13;11/07/2020;cve-2020-8193;hp8n61
8;14/07/2020;CVE-2020-1350;hra0ev
8;16/07/2020;CVE-2020-1350;hsjqdx
151;21/07/2020;CVE-2020-1350;hvdmwq
120;11/08/2020;CVE-2020-1472;i7yh5d
2;20/08/2020;CVE-2020-1530;idhqie
2;25/08/2020;CVE-2020-1472;iggo7z
11;27/08/2020;CVE-2020-1147;ihlz9v
2;31/08/2020;CVE-2020-1472;ijx7yz
30;01/09/2020;CVE-2020-3566;ikq275
27;04/09/2020;cve-2020-10758;immwxa
34;16/09/2020;CVE-2020-1472;its4ib
6;17/09/2020;CVE-2020-1472;iupi4k
1148;20/09/2020;CVE-2020-1472;iwczvy
95;20/09/2020;CVE-2020-1472;iweyp8
6;21/09/2020;CVE-2020-1472;iwykuh
35;21/09/2020;CVE-2020-1472;ix0xl1
8;22/09/2020;CVE-2020-1472;ixw222
11;22/09/2020;CVE-2020-1472;ixxdnf
74;23/09/2020;CVE-2020-1472;iy3rpn
27;24/09/2020;CVE-2020-1472;iyowpo
2;25/09/2020;CVE-2020-1472;izk7k2
15;29/09/2020;CVE-2020-1472;j1y3oz
4;29/09/2020;CVE-2020-1472;j204tq
567;04/10/2020;CVE-2020-1472;j4q4m2
3;06/10/2020;CVE-2020-1472;j67z7r
53;13/10/2020;CVE-2020-16898;jakajv
1;14/10/2020;CVE-2020-1472;jb2x1l
2;16/10/2020;CVE-2020-17022;jc9xgm
26;18/10/2020;CVE-2020-17022;jdbdyj
196;18/10/2020;CVE-2020-17022;jdh29g
13;21/10/2020;CVE-2020-3992;jf141w
87;21/10/2020;CVE-2019-11510;jfb79x
3;22/10/2020;CVE-2020-17022;jg033w
373;30/10/2020;CVE-2020-14882;jkp22s
109;30/10/2020;CVE-2020-17087;jl60tc
3;02/11/2020;CVE-2020-14750;jmyld2
780;02/11/2020;CVE-2020-14871;jmyqv8
45;04/11/2020;CVE-2020-3992;jnvw2m
6;20/11/2020;CVE-2020-1472;jxougu
1;20/11/2020;CVE-2020-17049;jxs0m9
1;09/12/2020;CVE-2020-1048;ka3r53
42;16/12/2020;CVE-2020-3556;keahbb
35;15/01/2021;cve-2020-1472;kxq342
1209;16/01/2021;CVE-2020-1472;kysqsc
9;17/01/2021;cve-2021-1678;kz4804
13;19/01/2021;CVE-2020-1472;l0gdri
66;26/01/2021;cve-2020-1472;l5ce4h
114;26/01/2021;cve-2021-3156;l5paq9
0;27/01/2021;CVE-2021-3156;l6b613
2;27/01/2021;CVE-2020-1472;l6bdpw
2;29/01/2021;cve-2020-1472;l7z4vh
20;02/02/2021;CVE-2020-1472;laul05
8;08/02/2021;CVE-1999-0024;lfht7e
7;08/02/2021;cve-2020-1472;lfi15m
2;09/02/2021;CVE-2021-24078;lfxqni
1;09/02/2021;CVE-2020-1472;lg41kx
3;13/02/2021;cve-2020-1472;lja6t7
0;18/02/2021;CVE-2017-8563;lm9phc
6;22/02/2021;cve-2020-1472;lpy8wi
26;25/02/2021;CVE-2021-21972;lsgu85
1673;27/02/2021;CVE-2021-21974;ltomo0
53;01/03/2021;CVE-2021-27579;lvcmzk
1781;02/03/2021;CVE-2021-26855;lwcnkn
447;03/03/2021;CVE-2021-21166;lwseqr
37;03/03/2021;CVE-2021-21166;lwx06t
34;05/03/2021;CVE-2021-26855;lyiltc
14;05/03/2021;cve-2021-27065;lyl1xb
3;06/03/2021;CVE-2021-24085;lyrxyv
5;06/03/2021;CVE-2021-26855;lz65y4
489;07/03/2021;CVE-2021-26855;lzogj5
18;07/03/2021;CVE-2021-26855;lzxfip
34;08/03/2021;CVE-2021-27065;m0d98h
99;08/03/2021;CVE-2021-26855;m0dyzh
21;08/03/2021;CVE-2021-26855;m0fe18
2;08/03/2021;CVE-2021-26855;m0gom9
12;08/03/2021;CVE-2021-26855;m0jwme
29;08/03/2021;CVE-2021-26855;m0mk8g
0;08/03/2021;CVE-2021-27065;m0p9w4
3;09/03/2021;CVE-2021-1844;m103cv
11;09/03/2021;CVE-2021-26855;m1bgw2
0;09/03/2021;CVE-2021-26855;m1gxm9
0;09/03/2021;CVE-2021-26855;m1hzp0
694;11/03/2021;CVE-2021-26897;m2prtj
12;11/03/2021;CVE-2021-26891;m34844
74;13/03/2021;CVE-2021-21193;m45ymu
6;13/03/2021;CVE-2021-26855;m4dsk7
7;17/03/2021;cve-2021-27065;m78h1n
8;22/03/2021;CVE-2021-26295;malm8c
0;24/03/2021;CVE-2021-27065;mbyo0t
47;25/03/2021;CVE-2021-3450;mczamm
33;25/03/2021;CVE-2021-3450;md1bd1
55;06/04/2021;CVE-2018-13379;mliij8
78;06/04/2021;CVE-2018-15919;mljf59
162;13/04/2021;CVE-2021-28480;mq8oda
5;19/04/2021;CVE-2017-5715;mu5tfz
1;26/04/2021;CVE-2017-3731;mz39xu
151;28/04/2021;CVE-2021-20271;n02iog
971;04/05/2021;CVE-2021-21551;n4qzz5
1;05/05/2021;cve-2020-1357;n5pzuv
2;06/05/2021;CVE-2021-21551;n5tdjq
13;11/05/2021;CVE-2021-31207;na5wh6
7;12/05/2021;CVE-2021-31166;nabbyd
33;19/05/2021;CVE-2021-31166;ng49yv
111;25/05/2021;CVE-2021-21985;nkvo5b
139;07/06/2021;CVE-2021-21985;nu2omx
48;27/06/2021;CVE-2018-18472;o8p8h1
24;29/06/2021;CVE-2021-31978;o9xywl
18;30/06/2021;CVE-2021-1675;oanv72
40;30/06/2021;CVE-2021-1675;oaxwqu
531;30/06/2021;CVE-2021-34527;ob4s06
0;30/06/2021;cve-2021-1675;ob52fh
173;02/07/2021;CVE-2021-34527;oc6cpp
0;02/07/2021;CVE-2021-34527;oces0b
112;04/07/2021;CVE-2021-34527;odamto
27;04/07/2021;CVE-2021-34527;odpi42
114;06/07/2021;CVE-2021-34527;of4gjk
78;06/07/2021;CVE-2021-34527;of4hrh
44;06/07/2021;CVE-2021-34527;of4y1r
30;07/07/2021;CVE-2021-34527;of8dad
0;09/07/2021;CVE-2021-34527;ogixou
15;09/07/2021;CVE-2021-34527;ogk1u6
402;09/07/2021;CVE-2021-34527;ogu44a
39;10/07/2021;cve-2021-35211;ohagcy
4;11/07/2021;CVE-2021-34527;oi13ap
593;11/07/2021;CVE-2021-34527;oi98ce
4;14/07/2021;CVE-2021-34527;ojvcqn
5;15/07/2021;cve-2021-26414;okv51s
107;16/07/2021;CVE-2021-34481;ol548t
22;16/07/2021;CVE-2021-34481;ol9943
9;16/07/2021;CVE-2021-34481;olqfpo
6;18/07/2021;CVE-2021-34481;omxaha
86;18/07/2021;CVE-2021-34527;omzg7m
62;20/07/2021;CVE-2021-3438;oo3hl8
0;20/07/2021;CVE-2021-34481;oobziv
53;21/07/2021;cve-2021-33909;ooldm1
113;21/07/2021;CVE-2021-36934;oopkwx
1;26/07/2021;CVE-2021-36934;os4nuu
23;27/07/2021;cve-2021-1675;osq9o7
1;28/07/2021;CVE-1999-0512;ot9xf5
0;02/08/2021;CVE-2021-29736;owa1e5
20;11/08/2021;CVE-2021-36942;p26sht
7;11/08/2021;CVE-2021-34481;p2a36n
3;11/08/2021;CVE-2021-34473;p2bwbo
56;11/08/2021;CVE-2021-34481;p2h6gp
77;12/08/2021;CVE-2021-36958;p2qlb4
220;12/08/2021;CVE-2021-36958;p2sy8p
29;12/08/2021;cve-2021-34481;p3af85
111;13/08/2021;cve-2021-34470;p3d23l
75;14/08/2021;cve-2021-1675;p4enqg
13;17/08/2021;cve-2021-34481;p5y7ye
6;19/08/2021;cve-2021-34481;p7amps
74;19/08/2021;cve-2021-34481;p7fypk
19;23/08/2021;CVE-2021-34481;pa0lup
42;27/08/2021;cve-2021-34481;pcs58b
31;28/08/2021;CVE-2021-34481;pdh29a
34;01/09/2021;CVE-2021-26084;pg0shl
37;07/09/2021;CVE-2021-40444;pjvfdx
3;07/09/2021;CVE-2021-40444;pjvs9t
5;07/09/2021;CVE-2021-40444;pjw87e
9;08/09/2021;CVE-2021-40539;pkfssm
1;08/09/2021;CVE-2021-40444;pkhy04
166;10/09/2021;CVE-2021-40444;pl90za
13;13/09/2021;CVE-2021-40444;pnet67
124;13/09/2021;cve-2021-34481;pnmzdj
6;14/09/2021;cve-2021-3437;po1cep
9;14/09/2021;cve-2021-34481;po3azy
20;14/09/2021;CVE-2021-36958;po7fon
3;15/09/2021;CVE-2019-1075;povd31
73;16/09/2021;CVE-2021-38647;pp1ttj
20;16/09/2021;CVE-2015-6420;pperxk
55;17/09/2021;CVE-2021-36958;pppzvt
6;17/09/2021;CVE-2021-36934;pq1yhk
2;22/09/2021;CVE-2021-34527;psudk0
1;22/09/2021;CVE-2021-40444;pt9d4z
7;27/09/2021;cve-2021-1678;pwmz95
42;29/09/2021;CVE-2021-22005;pxshek
0;29/09/2021;cve-2021-34481;pxxraf
89;30/09/2021;CVE-2021-22005;pyl3la
10;02/10/2021;CVE-2021-27928;pzk6ny
3;07/10/2021;CVE-2021-41773;q3j5y2
1;12/10/2021;CVE-2009-0901;q6nhof
43;13/10/2021;CVE-2021-40449;q7kgn1
16;14/10/2021;cve-2021-1678;q83a11
5;19/10/2021;cve-2021-34481;qbe6e1
3;25/10/2021;CVE-2018-3646;qflksk
4;26/10/2021;CVE-2018-10054;qg7x3w
42;28/10/2021;CVE-2021-36260;qhptuq
5;29/10/2021;CVE-2017-5754;qiizep
44;10/11/2021;CVE-2021-42321;qqj5w9
3;11/11/2021;cve-2021-42282;qro2t3
0;15/11/2021;CVE-2021-34484;qug6wy
4;15/11/2021;CVE-2021-34484;qujeyu
7;15/11/2021;cve-2021-42287;qur8q9
23;18/11/2021;CVE-2021-22204;qwoyjn
9;21/11/2021;cve-2021-42287;qyviy5
22;23/11/2021;CVE-2021-42321;r07t3m
0;24/11/2021;CVE-2021-42321;r0sn46
53;01/12/2021;CVE-2021-39237;r69igi
34;08/12/2021;CVE-2021-20038;rbylc2
127;10/12/2021;CVE-2021-44228;rcuzta
2;10/12/2021;CVE-2021-2351;rd63aa
0;10/12/2021;CVE-2021-44228;rdelpu
0;12/12/2021;cve-2021-44228;rekqp3
13;13/12/2021;cve-2021-44228;rf6eze
1170;13/12/2021;cve-2021-44228;rf97b2
6;13/12/2021;CVE-2021-44228;rfoz5d
245;13/12/2021;cve-2021-44228;rfqlip
13;13/12/2021;CVE-2021-44228;rfqshj
80;14/12/2021;CVE-2021-44228;rfvbfm
69;14/12/2021;CVE-2021-42278;rfxgej
829;14/12/2021;CVE-2021-45046;rgggwx
76;14/12/2021;cve-2021-43890;rgigex
464;15/12/2021;CVE-2021-44228;rgxa1r
3;15/12/2021;CVE-2021-44228;rh2dt0
8;16/12/2021;cve-2021-44228;rht99a
3;16/12/2021;cve-2021-44228;ri0apb
26;17/12/2021;CVE-2021-44228;ri5b4a
22;17/12/2021;CVE-2021-45046;rij9wq
129;17/12/2021;cve-2021-45046;ril8r0
648;18/12/2021;CVE-2021-45105;rj36ng
247;18/12/2021;CVE-2021-45105;rj3ulu
1744;20/12/2021;CVE-2021-44228;rkaco9
94;20/12/2021;cve-2021-42278;rkx37f
2;21/12/2021;CVE-2019-1559;rlenf0
3;21/12/2021;CVE-2021-43890;rlg6oy
1;21/12/2021;CVE-2021-44228;rlldci
41;22/12/2021;CVE-2021-44790;rmhkeo
2;23/12/2021;CVE-2021-44790;rn5bua
26;27/12/2021;CVE-2021-44228;rpt1f4
234;28/12/2021;CVE-2021-44832;rqikwo
36;29/12/2021;CVE-2021-44832;rqux4l
4;05/01/2022;cve-2021-42287;rwfd7e
10;06/01/2022;CVE-2021-42291;rxp68w
192;11/01/2022;CVE-2021-4104;s0yyjx
88;11/01/2022;CVE-2022-21846;s1lkr5
14;12/01/2022;CVE-2022-21907;s1rqnk
2;12/01/2022;CVE-2018-3639;s1smxp
4;12/01/2022;CVE-2022-21907;s218y7
1;12/01/2022;cve-2021-42291;s2e7p5
1;14/01/2022;CVE-2015-7985;s3qkth
3;14/01/2022;CVE-2010-3598;s3utn2
235;21/01/2022;CVE-2022-23302;s9ce8y
95;25/01/2022;cve-2021-4034;scmorq
5;26/01/2022;cve-2021-4034;sdcw56
96;29/01/2022;CVE-2022-21882;sfru7y
143;01/02/2022;CVE-2021-44142;shsky6
3;03/02/2022;CVE-2021-44142;sjbbkf
3;03/02/2022;CVE-2021-42287;sjjxva
7;03/02/2022;cve-2022-21920;sjop64
8;10/02/2022;CVE-2021-0103;sp9v8c
2;11/02/2022;CVE-2013-3900;sq1kq5
2;14/02/2022;CVE-2021-26414;ssd966
2;18/02/2022;CVE-2013-3900;svpkx6
2;23/02/2022;CVE-2019-19906;sz393f
20;24/02/2022;cve-2021-26414;t08gbv
21;08/03/2022;CVE-2022-23277;t9nsci
25;09/03/2022;CVE-2022-22806;tah9gg
3;10/03/2022;CVE-2022-24508;tb4xqu
1;16/03/2022;CVE-2002-20001;tfqeof
0;23/03/2022;CVE-2021-44226;tkqy2v
17;25/03/2022;cve-2021-42291;tnmi7j
270;26/03/2022;CVE-2022-1096;tp0lf0
52;30/03/2022;CVE-2010-1622;tsgv4b
1;01/04/2022;CVE-2020-1472;tthcer
1;05/04/2022;CVE-2021-42287;twy7tn
91;07/04/2022;CVE-2022-23176;ty2d49
1;08/04/2022;CVE-2022-0778;tz9bdx
25;15/04/2022;cve-2022-26809;u3u6fr
29;18/04/2022;CVE-2022-29072;u6j8md
74;18/04/2022;CVE-2022-29072;u6jho1
26;20/04/2022;CVE-2022-0540;u81b5j
4;26/04/2022;CVE-2022-29072;uc1494
33;04/05/2022;CVE-2022-22806;ui0rvt
2;11/05/2022;cve-2021-26414;unbjj7
118;14/05/2022;CVE-2022-26925;up7sdb
3;18/05/2022;CVE-2020-1596;us8vsg
23;18/05/2022;CVE-2022-22972;uslq1g
0;26/05/2022;CVE-2017-5754;uy80er
31;27/05/2022;CVE-2022-22972;uynn0z
146;30/05/2022;CVE-2022-30190;v0z7bx
17;01/06/2022;CVE-2022-30190;v2qmjp
0;02/06/2022;CVE-2022-27406;v39rr3
7;08/06/2022;CVE-2022-26134;v7fw5f
11;08/06/2022;CVE-2022-28384;v7noo6
7;14/06/2022;CVE-2019-0708;vbuc5e
19;14/06/2022;CVE-2022-30190;vc8o5o
2;15/06/2022;CVE-2022-23823;vcjxsk
1;20/06/2022;cve-2021-26414;vgg0rn
1;22/06/2022;CVE-2022-28387;vi14nr
4;24/06/2022;cve-2021-26414;vjncah
0;28/06/2022;cve-2021-34481;vmag2d
160;03/07/2022;CVE-2022-2185;vqrs53
33;20/07/2022;cve-2022-26136;w3s9jt
0;21/07/2022;CVE-2022-30168;w4oe1r
101;23/07/2022;CVE-2017-5754;w65tm9
15;09/08/2022;CVE-2021-26414;wk2nr3
57;17/08/2022;CVE-2022-27255;wqoxvj
126;22/08/2022;CVE-2022-38392;wujsae
5;23/08/2022;CVE-2022-34382;wvylmn
14;29/08/2022;CVE-2022-36804;x0hfss
0;09/09/2022;CVE-2007-4607;xa4s33
6;22/09/2022;CVE-2022-37972;xlaf8r
4;24/09/2022;CVE-2022-33936;xmnzku
1;28/09/2022;cve-2021-42287;xq6ay1
14;07/10/2022;CVE-2022-40684;xy1zty
7;07/10/2022;CVE-2022-40684;xy48uz
5;09/10/2022;CVE-2022-30190;xzlvca
1;10/10/2022;CVE-2022-41040;y08tmf
1;12/10/2022;CVE-2021-26414;y2eyjz
9;20/10/2022;CVE-2022-42889;y8xksg
0;21/10/2022;cve-2021-42287;y9vkd6
3;21/10/2022;CVE-2020-1971;ya0n8m
34;01/11/2022;CVE-2022-3602;yjdj8b
3;02/11/2022;CVE-2022-30136;ykkuuo
2;16/11/2022;CVE-2013-3900;yx2bgx
2;21/11/2022;CVE-2022-37967;z19o6l
36;23/11/2022;cve-2022-37966;z2rl02
37;25/11/2022;cve-2022-37967;z4cxtq
3;28/11/2022;cve-2022-37967;z73vcw
3;01/12/2022;CVE-2022-41033;z9jlel
26;06/12/2022;CVE-2022-40259;zdywxm
26;12/12/2022;CVE-2022-40684;zk9v8z
137;13/12/2022;CVE-2022-27518;zkz32y
9;14/12/2022;CVE-2022-27518;zlbfvc
140;19/12/2022;CVE-2022-37958;zq6r3a
2;20/12/2022;CVE-2021-42287;zr0axs
2;20/12/2022;cve-2022-37967;zr2h6o
29;21/12/2022;CVE-2022-41080;zrz9qo
144;04/01/2023;CVE-2022-3875;103af2v
6;12/01/2023;CVE-2023-21764;109u969
75;12/01/2023;CVE-2022-41099;10a1enh
66;13/01/2023;CVE-2022-41099;10atdqe
8;15/01/2023;CVE-2022-37966;10cmmcr
1796;16/01/2023;CVE-2021-26414;10dvneq
9;16/01/2023;CVE-2022-38023;10dwqvd
6;17/01/2023;CVE-2022-37966;10ee9go
14;02/02/2023;cve-2022-37967;10rtjaa
41;04/02/2023;CVE-2021-21974;10tbmve
2230;04/02/2023;CVE-2021-26414;10tpq1v
1;08/02/2023;CVE-2022-38023;10x1byj
1;09/02/2023;CVE-2022-4203;10y2y3k
0;11/02/2023;CVE-2021-21974;10zivi8
15;15/02/2023;CVE-2023-21716;1132zhd
2;02/03/2023;CVE-2023-23376;11ganwj
509;04/03/2023;CVE-2021-26414;11i51s0
16;06/03/2023;cve-2022-37967;11jl4yz
61;06/03/2023;cve-2022-37967;11kdnai
10;14/03/2023;cve-2022-38023;11r6j1t
1;15/03/2023;CVE-2023-23397;11rgz8g
1;15/03/2023;CVE-2023-23397;11rs0fe
287;15/03/2023;CVE-2023-23397;11rssg1
207;15/03/2023;cve-2023-23397;11rycl4
0;15/03/2023;CVE-2023-23415;11scvdn
1;16/03/2023;CVE-2023-23397;11sq4ob
0;16/03/2023;cve-2023-23397;11stwde
2;16/03/2023;CVE-2023-23397;11sv9yw
3;16/03/2023;CVE-2023-23397;11sy4fv
16;16/03/2023;CVE-2023-24880;11t3flh
78;16/03/2023;CVE-2023-23397;11t49mp
2;17/03/2023;CVE-2023-23397;11tdfyt
39;17/03/2023;CVE-2023-23397;11try6x
3;17/03/2023;CVE-2023-23397;11ttpp6
73;17/03/2023;CVE-2022-41099;11txrea
0;19/03/2023;CVE-2023-23397;11vrzg7
0;20/03/2023;CVE-2023-23397;11wcsmp
7;20/03/2023;CVE-2023-23397;11wlfft
3;20/03/2023;CVE-2023-23397;11wub8y
5;21/03/2023;CVE-2023-23397;11x23dc
22;21/03/2023;cve-2022-38023;11xhabi
1;22/03/2023;CVE-2023-23397;11yk1mo
3;23/03/2023;CVE-2017-11883;11zm6ad
0;23/03/2023;cve-2022-37967;11znw88
7;24/03/2023;CVE-2023-23397;120twg1
23;25/03/2023;CVE-2023-28303;1221cb4
10;27/03/2023;CVE-2020-17091;123z8y6
0;28/03/2023;CVE-2022-38023;124xum4
4;29/03/2023;cve-2022-37967;125tj77
0;03/04/2023;CVE-2022-43552;12aaxgr
2582;05/04/2023;CVE-2021-42291;12cptda
12;10/04/2023;CVE-2022-38023;12hg67k
151;12/04/2023;CVE-2023-28252;12jouk4
149;13/04/2023;CVE-2023-26418;12krt8m
2;15/04/2023;CVE-1999-0667;12mp94q
2;24/04/2023;CVE-2022-37967;12xsc8g
32;27/04/2023;CVE-2023-27350;1317ug6
1;06/05/2023;cve-2022-38023;139vo53
332;10/05/2023;CVE-2023-32233;13dd18b
2;10/05/2023;CVE-2023-23397;13dkkvg
2;12/05/2023;CVE-2023-29341;13fclf0
1392;14/05/2023;CVE-2023-24881;13hfnsz
1;15/05/2023;CVE-2022-37967;13idy3m
1;15/05/2023;cve-2022-37967;13iiew0
53;18/05/2023;CVE-2023-32784;13lbyfn
65;22/05/2023;cve-2023-24932;13ok04w
17;24/05/2023;CVE-2023-2868;13qtkbm
7;25/05/2023;cve-2021-42287;13roodw
5;26/05/2023;cve-2020-1472;13scxfx
2;26/05/2023;cve-2022-38023;13soqde
0;01/06/2023;CVE-2013-3900;13xr23a
132;04/06/2023;CVE-2022-21894;140mae8
7;07/06/2023;CVE-2022-37966;143k1bp
0;08/06/2023;cve-2021-42287;144aq58
17;15/06/2023;cve-2023-32019;149v26h
9;19/06/2023;cve-2022-38023;14db0nr
1;23/06/2023;CVE-2023-35785;14h1j6p
1;03/07/2023;CVE-2016-2183;14p80xa
22;06/07/2023;CVE-2023-34362;14sbtei
1;11/07/2023;CVE-2022-31199;14wtjge
1;12/07/2023;CVE-2023-36884;14xuk8z
1;13/07/2023;cve-2023-24932;14yxmv3
1;14/07/2023;CVE-2023-24881;14zbyf2
1;15/07/2023;CVE-2022-3802;150j751
1;16/07/2023;CVE-2023-36884;151317y
1;17/07/2023;CVE-2023-24932;152f9cp
1;19/07/2023;CVE-2023-36884;153v08p
1;19/07/2023;CVE-2023-36884;1543cm5
1;20/07/2023;cve-2023-3519;154kmbv
1;21/07/2023;cve-2023-3519;155jwcs
31;25/07/2023;CVE-2023-20593;1590s1i
1;26/07/2023;cve-2023-35078;15acejw
1;27/07/2023;CVE-2023-2640;15b57zf
1;04/08/2023;CVE-2018-8604;15ibf2q
1;06/08/2023;CVE-2022-30188;15jqxag
1;06/08/2023;CVE-2023-36884;15jy693
1;08/08/2023;CVE-2022-40982;15lp4op
1;11/08/2023;CVE-2023-38170;15nsat4
1;15/08/2023;CVE-1999-0524;15rvdmy
1;16/08/2023;CVE-2023-32001;15s8e72
1;16/08/2023;CVE-2021-42291;15sjn91
1;18/08/2023;CVE-2023-38170;15ua2w0
1;22/08/2023;CVE-2023-38175;15ykiof
1;24/08/2023;CVE-2023-38831;1603oxt
1;29/08/2023;cve-2023-36844;164t043
1;06/09/2023;cve-2022-37967;16bxl2l
1;13/09/2023;CVE-2023-36761;16hxhbh
1;14/09/2023;cve-2022-37967;16ip7vw
8;22/09/2023;CVE-2023-35331;16oxfvf
1;26/09/2023;CVE-2023-40931;16sydjj
1;27/09/2023;CVE-2023-5129;16teato
1;28/09/2023;CVE-2023-5129;16u0hhi
1;01/10/2023;cve-2023-38199;16x4uja
1;01/10/2023;cve-2023-38199;16x5lue
1;02/10/2023;CVE-2023-42115;16xo4e6
1;03/10/2023;cve-2023-24932;16z1s0k
1;04/10/2023;CVE-2023-34362;16zwsbh
1;11/10/2023;CVE-2023-38545;1755c9y
1;14/10/2023;CVE-2023-5217;177xuwq
1;18/10/2023;CVE-2023-44487;17afuze
1;25/10/2023;CVE-2023-34048;17g47tw
1;30/10/2023;CVE-2022-4886;17jwe4h
1;31/10/2023;CVE-2023-22515;17kfqfq
28;04/11/2023;CVE-2023-46604;17nrsto
72;06/11/2023;CVE-2023-38547;17paskr
328;07/11/2023;CVE-2023-22518;17q2zb0
14;07/11/2023;CVE-2023-38545;17q3hr9
1;08/11/2023;CVE-2023-38545;17qnfb6
233;15/11/2023;CVE-2023-23583;17vjdzn
1;16/11/2023;cve-2021-42291;17wa2ki
12;16/11/2023;CVE-2023-23583;17wo7sc
1;16/11/2023;CVE-1999-1420;17wtdoz
13;20/11/2023;CVE-2023-36439;17zkxwd
1;22/11/2023;CVE-2023-4863;181hcsl
4;23/11/2023;CVE-2023-23397;181u9xp
17;30/11/2023;CVE-2023-49103;187q0vc
2;08/12/2023;cve-2021-34481;18dojyf
8;08/12/2023;cve-2023-45866;18dujf0
3;08/12/2023;CVE-2023-32460;18dybsh
1;14/12/2023;CVE-2023-48795;18idv52
3;20/12/2023;CVE-2023-23397;18mqvk5
2;22/12/2023;CVE-2023-7024;18o1s2q
2;25/12/2023;CVE-2023-48795;18qgczi
120;26/12/2023;CVE-2023-4966;18rbqso
1;01/01/2024;CVE-2021-34527;18w9j2b
1;09/01/2024;CVE-2020-1472;192agty
1;09/01/2024;CVE-2011-0323;192nav0
1;10/01/2024;CVE-2024-20700;19384nj
2;10/01/2024;CVE-2023-46805;193ki7n
5;13/01/2024;cve-2023-46805;195q6fo
1;16/01/2024;cve-2022-37966;1983gd8
1;16/01/2024;cve-2022-37966;1983ics
5;19/01/2024;CVE-2019-0765;19apsd4
7;25/01/2024;CVE-2024-23897;19f5x0d
1;26/01/2024;CVE-2023-32015;1abfi9u
1;30/01/2024;CVE-2023-24932;1aey7yf
12;31/01/2024;CVE-2023-6246;1afh0z6
18;31/01/2024;CVE-2023-46805;1afpk5n
12;01/02/2024;CVE-2024-21626;1ag5qki
8;08/02/2024;CVE-2024-22024;1am5f4l
53;08/02/2024;CVE-2024-21762;1am72sk
14;09/02/2024;CVE-2024-1212;1amlcdw
73;14/02/2024;CVE-2024-21413;1aqb9p9
1;19/02/2024;CVE-2021-42287;1aui9ss
1;21/02/2024;CVE-2023-50387;1awhg98
89;21/02/2024;CVE-2024-1709;1awqyp9
3;22/02/2024;CVE-2024-1212;1ax6wil
8;23/02/2024;CVE-2024-1708;1axpbn4
58;25/02/2024;cve-2021-3438;1azmhp1
2;26/02/2024;CVE-2024-1709;1b088h4
2;04/03/2024;cve-2024-20666;1b6e2yj
1;01/04/2024;CVE-2024-3094;1bt3tte
1;01/04/2024;CVE-2024-3094;1bt46c5
1;02/04/2024;CVE-2017-8563;1bu54tj
7;03/04/2024;CVE-2007-0087;1bv1u0m
1;04/04/2024;CVE-2024-3094;1bvt6j8
45;04/04/2024;CVE-2023-4863;1bvybmd
2;10/04/2024;cve-2022-37967;1c0o2ot
2;11/04/2024;CVE-2023-25535;1c1hyrl
126;12/04/2024;CVE-2024-3400;1c23979
1;12/04/2024;CVE-2024-3400;1c24huw
1;17/04/2024;CVE-2022-40982;1c6bm32
20;24/04/2024;CVE-2024-20343;1cc6naa
1;30/04/2024;CVE-2022-38028;1cgumye
10;03/05/2024;CVE-2024-0727;1cj99ie
9;05/05/2024;CVE-2022-40735;1ckoutl
7;08/05/2024;CVE-2024-29212;1cmqof3
25;08/05/2024;cve-2024-26248;1cmz6mk
33;18/05/2024;CVE-2023-46218;1cv5dia
3;19/05/2024;CVE-2019-1161;1cvy3zz
8;20/05/2024;CVE-2013-3900;1cwjc3j
1;21/05/2024;CVE-2013-3900;1cxakuu
12;29/05/2024;CVE-2023-20178;1d3jj1p
17;04/06/2024;CVE-2023-49210;1d7tf8e
2;05/06/2024;CVE-2023-44487;1d8ygx3
9;06/06/2024;CVE-2024-33871;1d9mpu3
1;12/06/2024;CVE-2023-24932;1deex5z
381;13/06/2024;CVE-2024-30103;1deytn5
119;15/06/2024;CVE-2024-30078;1dggl80
19;19/06/2024;CVE-2024-30078;1djk53p
1;25/06/2024;CVE-2024-22262;1doj3qj
79;27/06/2024;CVE-2024-37085;1dpws7a
303;01/07/2024;CVE-2024-6387;1dspa43
1;02/07/2024;CVE-2022-41091;1dtrnjd
21;11/07/2024;CVE-2024-20666;1e0qpfm
9;12/07/2024;cve-2024-38112;1e1tsl4
1;15/07/2024;cve-2023-24932;1e3wpwq
1;15/07/2024;CVE-2024-38021;1e43udo
7;18/07/2024;CVE-2024-20401;1e6c58g
16;19/07/2024;CVE-2024-20401;1e76o3l
2;31/07/2024;CVE-2013-3900;1egl37i
1;31/07/2024;CVE-2024-37085;1egyc6c
2;07/08/2024;CVE-2023-52722;1emegrh
1;09/08/2024;CVE-2024-38021;1eo3f8u
464;14/08/2024;CVE-2024-38063;1es09xf
4;16/08/2024;cve-2023-24932;1etxyoh
56;19/08/2024;CVE-2024-38058;1ew0ycn
1;22/08/2024;cve-2023-24932;1ey4qjn
1;22/08/2024;CVE-2024-4577;1eywk23
1;27/08/2024;CVE-2024-38063;1f2ht2u
1;01/09/2024;CVE-2024-38063;1f6en1y
1;02/09/2024;CVE-2019-14899;1f73v04
2;04/09/2024;CVE-2024-21302;1f8yn38
6;06/09/2024;CVE-2024-40766;1faod04
1;11/09/2024;CVE-2024-36971;1fdw87w
24;11/09/2024;CVE-2024-6342;1fedt76
17;11/09/2024;CVE-2024-8686;1femjdj
2;13/09/2024;CVE-2023-44487;1ffl3sp
2;13/09/2024;CVE-2024-7264;1ffsmm2
1;17/09/2024;cve-2024-8190;1fjdk6m
30;25/09/2024;cve-2020-19909;1fp0qro
1;03/10/2024;cve-2021-3449;1fuxz42
52;11/10/2024;CVE-2024-40711;1g1fatt
1;15/10/2024;CVE-2024-21302;1g454l2
2;22/10/2024;CVE-2023-24932;1g9nrgb
4;24/10/2024;CVE-2024-43566;1gb6n5u
142;24/10/2024;CVE-2024-47575;1gb6oy3
1;25/10/2024;CVE-2024-28929;1gbh4io
58;28/10/2024;CVE-2024-38063;1ge0dl7
38;12/11/2024;CVE-2024-11068;1gppebt
1;13/11/2024;cve-2023-24932;1gql49v
84;14/11/2024;CVE-2024-43639;1gre07u
7;06/12/2024;cve-2023-24932;1h8bsos
123;10/12/2024;CVE-2024-50623;1haqguq
1;16/12/2024;cve-2023-24932;1hf77x5
1;16/12/2024;CVE-2024-8811;1hfod17
56;27/12/2024;CVE-2024-3393;1hnmt4j
